ESNTL_ID,FCLTY_NM,LCLAS_NM,MLSFC_NM,ZIP_NO,FCLTY_ROAD_NM_ADDR,FCLTY_LA,FCLTY_LO,WORKDAY_OPN_BSNS_TIME,WORKDAY_CLOS_TIME,SAT_OPN_BSNS_TIME,SAT_CLOS_TIME,SUN_OPN_BSNS_TIME,SUN_CLOS_TIME,RSTDE_OPN_BSNS_TIME,RSTDE_CLOS_TIME,RSTDE_GUID_CN,TEL_NO,OPTN_DC,ADIT_DC
KCIBSPO22N000000001,한낮의 바다,독립서점,인문서적,25505,"강원도 강릉시 강릉대로159번안길 12 1층, 서점 한낮의 바다",37.75772063,128.8890879,12:00,18:00,12:00,18:00,12:00,18:00,,,"화요일, 수요일",01022849729,일상의 쉼을 이야기하는 책을 소개하는 셀렉트 북샵,"카페 있음, 독립출판물 있음"
KCIBSPO22N000000002,깨북,독립서점,인문서적,25504,강원도 강릉시 임영로 211,37.76008985,128.8918538,,,,,,,,,,07042344416,작은 독립책방,독립출판물 있음
KCIBSPO22N000000003,칠성조선소 북살롱,독립서점,인문서적,24838,강원도 속초시 중앙로46번길 45,38.19812772,128.5833088,11:00,19:00,11:00,19:00,11:00,19:00,,,,01057212309,SELECTED BOOK SHOP,
KCIBSPO22N000000004,책빵소,독립서점,일반,26423,강원도 원주시 금불4길 23 제1층 102호,37.3490959,127.9329991,13:00,20:00,13:00,20:00,13:00,20:00,,,월요일,01024811309,독립출판물 위주로 취급하는 독립서점,"주차 가능, 독립출판물 있음"
KCIBSPO22N000000005,실레책방,독립서점,인문서적,24412,강원도 춘천시 신동면 금병의숙1길 19,37.8135637,127.7175413,10:00,18:00,10:00,18:00,10:00,18:00,,,"화요일, 수요일",0332621508,책 읽고 긍릉 쓰는 장소. 매일 오후6시~11시 공간 대여,"주차 가능, 공간대여 가능, 독립출판물 있음, 헌책방 있음"
KCIBSPO22N000000006,책방마실,독립서점,북카페,24259,강원도 춘천시 전원길 27-1,37.87837259,127.7379276,12:00,22:00,12:00,22:00,12:00,19:00,,,,01099483205,춘천에 위치한 작은 서점,"카페 있음, 독립출판물 있음"
KCIBSPO22N000000007,서툰책방,독립서점,인문서적,24264,강원도 춘천시 향교옆길13번길 22,37.88283761,127.7327685,11:00,19:00,11:00,19:00,,,,,일요일,07077217276,큐레이션 책방,"주차 가능, 카페 있음, 독립출판물 있음, 독서모임 가능"
KCIBSPO22N000000008,이야기마을,독립서점,일반,10298,경기도 고양시 덕양구 원당로113번길 48-7,37.66347899,126.8359472,10:00,21:00,10:00,21:00,10:00,21:00,,,수요일,0319659990,"다양한 도서, 고양이, 음료","카페 있음, 독립출판물 있음"
KCIBSPO22N000000009,플라뇌즈,독립서점,일반,10460,경기도 고양시 덕양구 원당로59번길 49-24 203호,37.65862231,126.8312139,,,,,,,,,,01042571045,"국내외도서, 독립출판물 등 동네책방","카페 있음, 독립출판물 있음, 독서모임 가능"
KCIBSPO22N000000010,너의 작업실,독립서점,일반,10406,경기도 고양시 일산동구 일산로380번길 43-11,37.67095691,126.7830747,13:00,21:00,13:00,21:00,13:00,21:00,,,월요일,01050310440,"독립출판물과 굿즈, 커피 판매하며 다양한 모임이 열리는 공간","독립출판물 있음, 독서모임 가능"
KCIBSPO22N000000011,이랑,독립서점,일반,10240,경기도 고양시 일산서구 일현로 122 동성상가 1층 122호 이랑,37.69762029,126.7660619,10:00,18:00,,,,,,,"토요일, 일요일",07077692222,"서점화실, 일반서적 및 독립출판물 판매","독립출판물 있음, 북토크 가능, 독서모임 가능, 강연 가능,"
KCIBSPO22N000000012,고메북스,독립서점,북카페,10379,경기도 고양시 일산서구 중앙로 1470 동부썬프라자 B동 128호,37.67227362,126.7573465,12:00,19:00,12:00,19:00,,,,,일요일,01092488296,동네서점 독립출판 북카페&바,"독립출판물 있음, 독서모임 가능"
KCIBSPO22N000000013,북앤드로잉,독립서점,일반,14285,경기도 광명시 오리로1009번길 2 1층 북앤드로잉,37.48011008,126.8508954,14:00,20:00,14:00,20:00,,,,,"일요일, 월요일",07087773745,"그림 그리는 책방, 독립출판물 판매, 여행드로잉/책만들기 강의 등","독립출판물 있음, 독서모임 가능"
KCIBSPO22N000000014,책방 공책,독립서점,일반,14303,경기도 광명시 오리로619번길 32 1층,37.45498894,126.8769918,12:00,17:00,12:00,17:00,,,,,일요일,05061209696,인스타/카톡채널 운영시간 확인. 그림책과 독립출판물 인문서적 전문 취급,"공간대여 가능, 독립출판물 있음, 독서모임 가능"
KCIBSPO22N000000015,나인빌리지북스,독립서점,일반,11936,경기도 구리시 아차산로432번길 4 1층 나인빌리지북스,37.59339791,127.1315991,18:00,21:00,12:00,19:00,12:00,19:00,,,"월요일, 화요일",01062403643,독립출판물 취급 전문 서점,"독립출판물 있음, 독서모임 가능"
KCIBSPO22N000000016,서로의공간,독립서점,일반,11935,경기도 구리시 안골로8번길 67 101호,37.59458383,127.1329066,12:00,19:00,12:00,20:00,12:00,20:00,,,월요일,01020870187,독립출판물을 소개하고 판매하는 식물 서점,"카페 있음, 독립출판물 있음"
KCIBSPO22N000000017,밸류브릿지터무니책방,독립서점,일반,15806,경기도 군포시 금산로 84 1층,37.36957653,126.9376917,11:30,21:00,11:30,21:00,13:30,19:00,,,월요일,0313961693,책방/갤러리/카페/세미나 공간이 함께 있는 책공간,"공간대여 가능, 독립출판물 있음, 북토크 가능, 독서모임 가능,강연 가능"
KCIBSPO22N000000018,책읽는방,독립서점,인문서적,15833,경기도 군포시 오금로134번안길 5 102호,37.35907488,126.9411175,,,,,,,,,,01064137035,인문학서적 중심 독립책방,"카페 있음, 독립출판물 있음, 독서모임 가능"
KCIBSPO22N000000019,게으른정원,독립서점,일반,10106,경기도 김포시 북변중로 51-1 2층,37.62598096,126.7107358,14:00,21:00,14:00,21:00,14:00,21:00,,,"화요일, 수요일",01023523532,"독립서점, 동네책방, 큐레이션 책방, 반려동물 동반 가능",독립출판물 있음
KCIBSPO22N000000020,코너스툴,독립서점,일반,11350,경기도 동두천시 동두천로 115 중앙프라자 4층 403호,37.89170925,127.0546394,18:00,22:00,,,10:00,22:00,,,"월요일, 화요일, 토요일",01032977030,독립출판물 단행복 영화 음악 전시와 클래스 맥주 커피 차와 수다가 있는 곳,리뷰 있음
KCIBSPO22N000000021,오키로북스,독립서점,일반,14709,경기도 부천시 경인로 211-1,37.48351988,126.77907,,,,,13:00,19:00,,,,01049071870,코로나로 인한 일시 휴무 중. 주로 독립출판물을 다루는 동네서점,독립출판물 있음
KCIBSPO22N000000022,맛있는 음식책방 눈누난나,독립서점,인문서적,16624,경기도 수원시 권선구 매송고색로711번길 26,37.25239721,126.981529,13:00,20:00,13:00,20:00,,,,,일요일,,음식관련 책과 빵과 음식관련 소품을 판매하는 서점,강연 가능
KCIBSPO22N000000023,그런의미에서,독립서점,일반,16525,경기도 수원시 영통구 매여울로40번길 42-2 1층 102호,37.27245158,127.047325,,,13:00,20:00,13:00,19:00,,,,01064805534,다양한 국내외도서 취급,"카페 있음, 독립출판물 있음"
KCIBSPO22N000000024,나무아래책방,독립서점,북카페,16509,경기도 수원시 영통구 에듀타운로 101 에듀하임오피스텔 108동 B103호,37.28882555,127.0456052,11:30,21:00,11:30,21:00,,,,,일요일,01085817652,"영어 원서, 일반출판물 및 독립출판물 판매, 영어독서모임 등","주차 가능, 화장실 남녀 구분, 공간대여 가능"
KCIBSPO22N000000025,서서림,독립서점,일반,16705,경기도 수원시 영통구 청명로59번길 59-2 1층,37.25020639,127.0797475,12:00,18:30,12:00,18:30,,,,,"일요일, 공휴일",01089803111,"아트북, 아티스트북, 독립출판물, 어른 그림책, 소규모 출판","주차 가능, 화장실 남녀 구분, 카페 있음"
KCIBSPO22N000000026,천천히스미는,독립서점,일반,16356,경기도 수원시 장안구 덕영대로417번길 52-9 101호,37.3033293,126.9688456,12:00,19:00,12:00,20:00,12:00,20:00,,,"목요일, 금요일",01094601729,"일반서적 및 독립서적 취급, 카페, 병맥주","카페 있음, 공간대여 가능"
KCIBSPO22N000000027,오손도손,독립서점,일반,16313,경기도 수원시 장안구 수성로303번길 3 301호,37.29153458,127.0052279,13:00,19:00,13:00,19:00,13:00,19:00,,,화요일,01055707338,100% 예약제 다양한 클래스와 모임 진행중,"주차 가능, 화장실 남녀 구분, 카페 있음, 독립출판물 있음, 독서모임 가능"
KCIBSPO22N000000028,브로콜리숲,독립서점,일반,16251,경기도 수원시 팔달구 화서문로32번길 21-10 2층,37.28426491,127.0125595,13:00,18:00,13:00,18:00,13:00,18:00,,,수요일,0312437389,독립출판물을 취급하는 전문서점,리뷰 있음
KCIBSPO22N000000029,낯설여관 204호,독립서점,일반,16313,경기도 수원시 장안구 영화로71번길 33 2층,37.2920997,127.005116,10:00,19:00,13:00,19:00,13:00,19:00,13:00,19:00,"월, 화",050713920130,"일상여행자들의 쉼터, 여기는 낯설여관입니다!","카페 있음, 독립출판물 있음"
KCIBSPO22N000000030,책방내심,독립서점,일반,14984,경기도 시흥시 목감초등길 3 2층,37.38326284,126.8588835,12:00,20:00,12:00,20:00,12:00,20:00,,,월요일,07086218005,책을 통해 내면의 목소리를 듣고 대화하고 즐기는 공간을 꿈꾸는 동네서점,독립출판물 있음
KCIBSPO22N000000031,그림책방마음생각연구소,독립서점,그림책,15447,경기도 안산시 단원구 화정천서로 115 2층 201호,37.30778045,126.8197051,,,,,,,,,,0314115605,,카페 있음
KCIBSPO22N000000032,글헤는밤,독립서점,북스테이,12533,경기도 양평군 양동면 고송길 35-37,37.48476858,127.7004794,13:00,17:00,13:00,17:00,13:00,17:00,,,,01077958007,"북스테이는 1일 1팀 오후4시~오전11시 예약, 오후1시~5시는 동네책방 예약","주차 가능, 화장실 남녀 구분, 카페 있음"
KCIBSPO22N000000033,마음을 산 책,독립서점,일반,18134,경기도 오산시 경기동로8번길 25,37.15598078,127.0742206,14:00,22:00,14:00,22:00,14:00,22:00,,,,0313767395,독립출판물 전문 취급,"독립출판물 있음, 강연 가능, 리뷰 있음"
KCIBSPO22N000000034,반달서림,독립서점,인문서적,17007,경기도 용인시 기흥구 동백4로 22 상가동 201호,37.27160244,127.1532512,12:00,20:00,12:00,18:00,,,,,일요일,0312862390,월목 10:30부터 영업시작. 생태주의 독립서점,독립출판물 있음
KCIBSPO22N000000035,희재서사,독립서점,인문서적,17006,경기도 용인시 기흥구 동백5로 22 쥬네브문월드 가동 137호,37.27585692,127.1512767,10:30,21:00,10:30,21:00,,,,,월요일,01037258021,"그림 그리는 책방. 인문학, 문학, 에세이, 예술, 그림책","카페 있음, 독립출판물 있음"
KCIBSPO22N000000036,북살롱벗,독립서점,일반,16904,경기도 용인시 기흥구 신촌로73번길 5-1 102호,37.30701869,127.1127065,10:00,17:00,10:00,17:00,,,,,휴무 인스타 공지,01075897457,소셜북스토어. 선물하기 좋은 책을 팝니다.,"공간대여 가능, 독립출판물 있음, 북토크 가능, 독서모임 가능,강연 가능"
KCIBSPO22N000000037,우주소년,독립서점,일반,16828,경기도 용인시 수지구 수풍로127번길 5,37.33495095,127.0930346,11:00,20:00,11:00,20:00,,,,,"일요일, 월요일",07047992201,큐레이션 책방,"카페 있음, 독립출판물 있음"
KCIBSPO22N000000038,마을회관,독립서점,일반,16827,경기도 용인시 수지구 신수로 767 U-Tower A동 408호,37.33831681,127.1017203,12:00,14:00,13:00,20:00,,,,,"일요일, 월요일",0317786280,평일 오후6시~9시도 운영. 아날로그 책방,독립출판물 있음
KCIBSPO22N000000039,농부와책방,독립서점,인문서적,17155,경기도 용인시 처인구 양지면 한터로662번길 47,37.25713584,127.2772971,9:00,17:30,9:00,17:30,9:00,17:30,,,월요일,0313392348,"용인시 인문학 서점, 동네책방","카페 있음, 독립출판물 있음"
KCIBSPO22N000000040,동반북스,독립서점,동물책,11681,경기도 의정부시 신촌로6번길 29-22,37.74870073,127.0363002,13:00,20:00,13:00,20:00,13:00,20:00,,,월요일,01089789815,동물책을 취급하는 소규모 서점,"독립출판물 있음, 북토크 가능, 독서모임 가능, 강연 가능, 헌책방 있음"
KCIBSPO22N000000041,오월의 푸른하늘,독립서점,일반,17389,경기도 이천시 마장면 덕평로877번길 16,37.23622813,127.363779,13:00,22:00,13:00,22:00,13:00,22:00,,,,0316349659,"시골책방, 책밭, 다락방 북스테이 등","주차 가능, 독립출판물 있음"
KCIBSPO22N000000042,아르카북스 스테이,독립서점,북스테이,17969,경기도 평택시 현덕면 덕목5길 122-11,36.95641569,126.9702531,,,,,,,,,,01031408695,1박으로 하루를 지내며 가족과 연인들의 힐링 독서 캠프가 되는 곳,주차 가능
KCIBSPO22N000000043,아르카북스 책방,독립서점,일반,17969,경기도 평택시 현덕면 덕목5길 122-11,36.95641569,126.9702531,,,,,,,,,"일요일, 월요일",01031408695,코로나19로 인한 예약제 실시 중. 그림책 소설 인문 서적 등,"카페 있음, 독립출판물 있음"
KCIBSPO22N000000044,그림책숲,독립서점,그림책,12923,경기도 하남시 미사강변한강로334번길 57 1층 101호,37.55936626,127.2000331,13:00,18:00,,,,,,,,01030320334,예약제 서점. 그림책 전문 취급,"카페 있음, 독립출판물 있음, 독서모임 가능"
KCIBSPO22N000000045,산 위에 동네,독립서점,인문서적,18508,경기도 화성시 동탄장지천6길 7,37.15727783,127.1078955,,,,,,,,,,01041500118,"인문, 철학, 문학, 에세이 등의 서적을 주로 다루는 큐레이션 서점","카페 있음, 독립출판물 있음, 독서모임 가능"
KCIBSPO22N000000046,모모책방,독립서점,일반,18303,경기도 화성시 봉담읍 오래3길 7 1층 상가,37.22046016,126.9543172,11:00,20:00,13:00,20:00,,,,,"일요일, 월요일, 공휴일",07042255084,"고양이 모모, 삐루와 디자이너 집사의 작은 독립서점. 큐레이션 책방",리뷰 있음
KCIBSPO22N000000047,88And1,독립서점,그림책,18282,경기도 화성시 비봉면 남전로116번길 35,37.23674234,126.8479543,,,,,,,,,,01055893710,그림책 전문 취급 독립서점,독립출판물 있음
KCIBSPO22N000000048,거제대로 북스,독립서점,일반,53277,경상남도 거제시 사등면 거제대로 5394-2 주황색 지붕 건물,34.90460806,128.5524609,10:00,18:00,10:00,18:00,,,,,일요일 휴무,0556354301,"신간,베스트,스테디,독립출판, 기독교 서적 취급",강연 가능
KCIBSPO22N000000049,숨북숨북,독립서점,북카페,51017,경상남도 김해시 율하3로8번길 38,35.16821319,128.8135544,,,,,,,,,,07041770118,"책,커피,음악 공간 대여",화장실 남녀 구분
KCIBSPO22N000000050,아마도책방,독립서점,일반,52444,경상남도 남해군 삼동면 동부대로1876번길 19,34.83138514,128.0019276,12:00,17:00,12:00,17:00,12:00,17:00,,,"월요일휴무, 12월 월,화,수휴무",01025920695,1인 운영하는 작은 공간으로 운영 시간과 휴무일 변동이 잦음,"주차 가능, 화장실 남녀 구분, 독립출판물 있음"
KCIBSPO22N000000051,당신의 글자들,독립서점,일반,50551,경상남도 양산시 내연1길 3-1 경보그린타워 상가 5동 102호,35.37161662,129.1441429,10:00,20:00,10:00,20:00,10:00,20:00,,,화요일 휴무,0553885756,"마을서점, 동네책방, 독립서점","주차 가능, 화장실 남녀 구분, 독립출판물 있음, 북토크 가능, 독서모임 가능, 강연 가능"
KCIBSPO22N000000052,인디무브,독립서점,북카페,50652,경상남도 양산시 물금읍 야리3길 49 원타운상가 402호,35.31493941,129.0113278,12:00,21:00,12:00,21:00,12:00,21:00,,,"월,화는 예약자만 이용 가능",07077931303,"북살롱, 와인, 등이 있는 동네책방","주차 가능, 화장실 남녀 구분, 독립출판물 있음, 독서모임 가능, 리뷰 있음"
KCIBSPO22N000000053,조이북슈퍼,독립서점,일반,52706,경상남도 진주시 망경북길 20 1층,35.1850587,128.081074,,,,,,,,,,01030921931,,"카페 있음, 독립출판물 있음, 리뷰 있음"
KCIBSPO22N000000054,보틀북스,독립서점,북카페,52838,경상남도 진주시 문산읍 월아산로 1047-14 LH행복주택 주민공동시설 내 상가,35.16538523,128.1628537,0:00,23:59,0:00,23:59,0:00,23:59,,,코로나19로 인한 장기휴점,01037731926,책과 따뜻한 커피를 즐길 수 있는 문학살롱,"카페 있음, 리뷰 있음"
KCIBSPO22N000000055,낯선책방,독립서점,북카페,52662,경상남도 진주시 진주대로1164번길 15,35.19671477,128.0755466,11:00,20:00,11:00,20:00,,,,,일요일 휴무,,"독립출판물을 판매하는 동네 작은 독립출판물 서점, 카페 다정하게와 함께 운영","독서모임 가능, 리뷰 있음"
KCIBSPO22N000000056,무하유,독립서점,일반,51455,경상남도 창원시 성산구 비음로 61,35.2273223,128.701474,,,,,,,,,,,독립서점과 의류를 같이 파는 편집매장,리뷰 있음
KCIBSPO22N000000057,주책방,독립서점,일반,51458,경상남도 창원시 성산구 창이대로719번길 17,35.22149625,128.7032065,13:00,19:00,13:00,19:00,,,,,"일요일, 월요일 휴무",01023014858,작은 동네 책방,"독립출판물 있음, 리뷰 있음"
KCIBSPO22N000000058,청보리책방,독립서점,일반,51428,경상남도 창원시 의창구 외동반림로254번길 8-1,35.23896537,128.6805698,10:30,18:30,10:30,18:30,,,,,일요일 휴무,01064347919,"책,음악,차의 어울림","독립출판물 있음, 북토크 가능, 리뷰 있음"
KCIBSPO22N000000059,고양이쌤책방,독립서점,일반,53017,경상남도 통영시 광도면 신죽2길 73-10 1층,34.87562364,128.4184218,,,,,,,,,,0556495869,"고양이가 있는 책방, 독서토론이나 글쓰기에 관련된 책을 소개하고 판매,수업과 모임이 주로 이루어지는 곳이라 방문 전 전화 문의 및 예약 부탁","주차 가능, 화장실 남녀 구분, 공간대여 가능"
KCIBSPO22N000000060,봄날의책방,독립서점,북스테이,53078,경상남도 통영시 봉수1길 6-1,34.82633769,128.4154139,10:30,18:30,10:30,18:30,13:30,18:00,,,"월요일 휴무, 화요일 휴무",07077950531,북스테이가 가능한 서점,"주차 가능, 화장실 남녀 구분, 카페 있음"
KCIBSPO22N000000061,몰리북,독립서점,일반,38540,경상북도 경산시 압량읍 오목로 183,35.82865191,128.7958896,10:00,18:00,10:00,18:00,10:00,18:00,,,,01045072436,넓은 농장안에 있는 여유로운 동네 책방,리뷰 있음
KCIBSPO22N000000062,누군가의 책방,독립서점,일반,38064,경상북도 경주시 서악2길 32-16,35.82957605,129.188226,11:00,18:00,11:00,18:00,11:00,18:00,,,수요일 휴무,01085753093,독림출판물이 있는 동네 작은책방,"독립출판물 있음, 헌책방 있음, 리뷰 있음"
KCIBSPO22N000000063,책만보,독립서점,일반,38082,경상북도 경주시 용담로 118 주공2차 상가103호,35.86523895,129.2091138,,,,,,,,,,01055509728,,리뷰 있음
KCIBSPO22N000000064,어서어서,독립서점,문학,38167,경상북도 경주시 포석로 1083,35.83783036,129.2096632,11:00,19:30,10:00,21:00,10:00,21:00,,,"매달 마지막 월,화,수 휴무",01066253958,"시, 문학, 에세이, 독립출판물 등 문학전문서점",독립출판물 있음
KCIBSPO22N000000065,책봄,독립서점,일반,39302,경상북도 구미시 금오산로22길 24-1,36.12621728,128.33001,13:00,21:00,13:00,21:00,13:00,21:00,,,,01079008999,독림출판물이 있는 동네 작은책방,
KCIBSPO22N000000066,책방해봄,독립서점,일반,36916,경상북도 문경시 문경읍 청운로 49 달맞이스페이스 2층,36.7368198,128.1067247,,,,,,,,,,01046688288,"문경 독립서점 책방 해봄, 30대 언저리의 고민과 관심, 취향을 나눔","카페 있음, 공간대여 가능"
KCIBSPO22N000000067,하늘밭봄,독립서점,북스테이,36544,경상북도 영양군 입암면 대천길 435,36.60826725,129.0061287,11:00,18:00,11:00,18:00,11:00,18:00,,,휴무일은 비정기적으로 블로그에 공지,01090210446,"고즈넉한 산골의 가정식 작은 서점에서,북스테이","주차 가능, 화장실 남녀 구분, 북토크 가능, 독서모임 가능, 강연 가능"
KCIBSPO22N000000068,오후엔책방,독립서점,일반,38877,경상북도 영천시 금호읍 금호시장길 5 1층,35.93265989,128.8773902,12:00,18:00,12:00,18:00,12:00,18:00,,,"월요일, 화요일 휴무",01031865190,그림책 & 독립출판물 제로웨이스트,"카페 있음, 독서모임 가능"
KCIBSPO22N000000069,"서점,오브덕",독립서점,일반,36324,경상북도 울진군 울진읍 읍내8길 5 5층 서점오브덕,36.99485788,129.4016556,14:00,22:00,14:00,22:00,14:00,22:00,,,월요일휴무,01097957115,,"주차 가능, 화장실 남녀 구분, 카페 있음, 독립출판물 있음, 독서모임 가능"
KCIBSPO22N000000070,달팽이책방,독립서점,일반,37664,경상북도 포항시 남구 효자동길10번길 32,36.0090452,129.3331432,13:00,21:00,13:00,18:00,13:00,18:00,,,월요일 휴무,07075323316,"동네책방 & 홍차전문점. 엄선한 인문학 도서와 소규모 독립출판물을 판매하며, 젊은 아티스트의 작품을 소개",독립출판물 있음
KCIBSPO22N000000071,마음을가다듬다,독립서점,일반,37590,경상북도 포항시 북구 천마로72번길 7 남광하우스토리 상가동 201호,36.08317617,129.3977937,10:30,15:30,,,,,,,,01076226349,"서적, 문구, 선물 판매, 상담가능, 아기자기 용품들 구매하고 기부하는곳,  따뜻한 커피, 차, 스낵",
KCIBSPO22N000000072,동네책방숨,독립서점,북스테이,62248,광주광역시 광산구 수완로74번길 11-8,35.19209674,126.8301652,12:00,19:00,12:00,18:00,,,,,"일요일, 월요일 휴무",0629549420,1박2일간 책을 읽으며 머무를 수 있는 장소,"독립출판물 있음, 북토크 가능, 독서모임 가능, 강연 가능"
KCIBSPO22N000000073,러브앤프리,독립서점,인문서적,61640,광주광역시 남구 천변좌로418번길 17 1층,35.1408847,126.9157444,12:00,19:00,12:00,19:00,12:00,19:00,,,,0624180714,감성적인 분위기의 독립출판물점,"주차 가능, 화장실 남녀 구분, 카페 있음, 독립출판물 있음, 북토크 가능, 독서모임 가능, 강연 가능"
KCIBSPO22N000000074,리을피읖 LOCAL BOOKS,독립서점,사진,61430,광주광역시 동구 동계로15번길 17,35.15391314,126.9230183,,,13:00,18:00,,,,,,01036287178,사진책만 있는 책방,"카페 있음, 독립출판물 있음"
KCIBSPO22N000000075,책방 심가네박씨,독립서점,일반,61432,광주광역시 동구 동명로67번길 22-2,35.15276316,126.9267524,10:30,20:00,10:30,20:00,,,,,"일요일, 공휴일 휴무",0622290687,다양한 인문학강좌와 문화프로그램기획,"카페 있음, 독립출판물 있음"
KCIBSPO22N000000076,책과생활,독립서점,북카페,61465,광주광역시 동구 제봉로 100-1 2층,35.14736016,126.922108,12:00,20:00,12:00,20:00,13:00,18:00,,,매월 마지막주 월요일 휴무,050713099231,"아트북, 인문사회서적, 문학책, 독립출판물",리뷰 있음
KCIBSPO22N000000077,소년의서,독립서점,일반,61480,광주광역시 동구 충장로46번길 8 1층,35.14997646,126.9125437,13:00,19:00,13:00,19:00,,,,,,050713592625,"인물예술서적, 사회과학서적,독립서적","카페 있음, 독립출판물 있음, 북토크 가능, 독서모임 가능"
KCIBSPO22N000000078,파종모종,독립서점,일반,61218,광주광역시 북구 우치로 13-1,35.16887395,126.9104525,14:00,19:00,14:00,19:00,,,,,"일요일, 월요일,화요일, 공휴일 휴무",01094521606,"독립출판사, 독립책방",카페 있음
KCIBSPO22N000000079,이상현실,독립서점,북카페,61980,광주광역시 서구 화운로 136 1층,35.15125435,126.8775075,0:00,24:00:00,0:00,24:00:00,0:00,24:00:00,0:00,24:00:00,,01054027238,"신간, 독립출판물, 헌책 비치, 책 구매 혹은 읽을 수 있음","독립출판물 있음, 북토크 가능, 독서모임 가능, 강연 가능"
KCIBSPO22N000000080,사이시옷,독립서점,북카페,62047,광주광역시 서구 화정로260번길 9,35.14724735,126.8856687,12:00,19:00,12:00,19:00,,,,,일요일 휴무,0624005987,"1층: 서점+카페 / 2층: 소모임, 대관",리뷰 있음
KCIBSPO22N000000081,더코너북스,독립서점,인문서적,42492,대구광역시 남구 안지랑로7길 15,35.83348544,128.570394,11:00,20:00,11:00,20:00,11:00,20:00,,,,01077284939,꿈 꾸는 작은 공간 우리동네 작은 서점 우리끼리 나누는 인문학,
KCIBSPO22N000000082,아템파우제13,독립서점,일반,42607,대구광역시 달서구 선원로53길 11,35.8594508,128.5215762,,,,,,,,,,01087370013,꽃집과 함께 운영하는 책방,"카페 있음, 독립출판물 있음"
KCIBSPO22N000000083,파이데이아북스,독립서점,북카페,42781,대구광역시 달서구 월서로3길 15 231동 103-1호,35.82025296,128.5344542,10:00,20:00,10:00,20:00,10:00,20:00,10:00,20:00,,01093703619,"동네서점 & 북카페 복합형 공간, 독서토론과 공간대여도 함께 진행중","독립출판물 있음, 독서모임 가능"
KCIBSPO22N000000084,심플책방,독립서점,인문서적,41244,대구광역시 동구 동부로34길 4 지하 1층,35.87710297,128.630564,12:00,21:00,,,,,,,월요일 휴무,01098339513,"인문,에세이 장르책과 칵테일, 음악, 고양이가 공존하는 책방","독립출판물 있음, 강연 가능"
KCIBSPO22N000000085,시인보호구역,독립서점,일반,41519,대구광역시 북구 동북로31길 8,35.9004235,128.6104502,11:00,21:00,13:00,21:00,13:00,21:00,,,"1,3주 토요일 휴무, 매주 월요일,일요일 휴무",07088624530,"갤러리카페, 출판사, 영상촬영, 문화기획, 청소년 독서예쑬캠프, 독립서점",독립출판물 있음
KCIBSPO22N000000086,치우친취향,독립서점,일반,41416,대구광역시 북구 학정동로 66 1층,35.94959827,128.5678986,13:00,21:00,,,,,,,월요일 휴무,01084115876,"치우친 취향으로 가득 작은 책방, 독립출판물,중고서적, 마실 거리 있음","카페 있음, 북토크 가능, 독서모임 가능, 강연 가능"
KCIBSPO22N000000087,담담책방,독립서점,일반,41817,대구광역시 서구 달서로 81-2 3층,35.86955998,128.5708333,13:00,18:00,13:00,18:00,,,,,"월요일 휴무, 일요일 휴무",0535653469,,카페 있음
KCIBSPO22N000000088,히든트레져,독립서점,일반,42069,대구광역시 수성구 달구벌대로530길 7 B1,35.85530724,128.6517487,,,,,,,,,,01047838372,,"주차 가능, 화장실 남녀 구분, 카페 있음"
KCIBSPO22N000000089,고스트북스,독립서점,예술서적,41913,대구광역시 중구 경상감영길 212 3층,35.87162466,128.598902,13:00,20:00,13:00,20:00,13:00,20:00,,,"2,4주 화요일 휴무",0532562123,"해외출판물,인문학,근대소설,우주과학등 예술서적","카페 있음, 공간대여 가능"
KCIBSPO22N000000090,차방책방,독립서점,북카페,41919,대구광역시 중구 경상감영길 60 1층 차방책방,35.8714059,128.5907563,11:00,20:30,,,,,,,일요일 휴무,0533534878,독립서점과 북카페의 복합공간,독립출판물 있음
KCIBSPO22N000000091,곁에 둔 책 방,독립서점,일반,41947,대구광역시 중구 국채보상로150길 83,35.864732,128.6104365,13:00,19:00,13:00,19:00,,,,,일요일 휴무,0534230502,동네 작은 독립서점 책방,
KCIBSPO22N000000092,굿브랜딩북스,독립서점,일반,41946,대구광역시 중구 달구벌대로447길 72-1,35.86561079,128.6083915,11:00,21:00,11:00,21:00,11:00,19:00,,,월요일 휴무:,0534261765,"큐레이션 서점, 핸드드립 커피도 판매",
KCIBSPO22N000000093,사과서점,독립서점,문학,41958,대구광역시 중구 명륜로23길 28,35.86132289,128.5959688,12:00,19:30,12:00,19:30,12:00,19:30,,,인스타 공지 참고,01020699362,"시,소설, 어른을위한 그림책",리뷰 있음
KCIBSPO22N000000094,봉산19,독립서점,북카페,41958,대구광역시 중구 봉산문화길 19 2층,35.86096031,128.5981582,13:00,23:00,13:00,23:00,13:00,23:00,,,,05313086940,"독립출판물과 맥주,칵테일 판매점",화장실 남녀 구분
KCIBSPO22N000000095,책방 정류장,독립서점,중고서적,34428,대전광역시 대덕구 한밭대로1174번길 46,36.35684802,127.4289329,14:00,20:00,14:00,20:00,14:00,20:00,,,수요일휴무,01094795410,독립서점,"독립출판물 있음, 강연 가능, 리뷰 있음"
KCIBSPO22N000000096,머물다가게,독립서점,일반,34649,대전광역시 동구 대동로 44,36.33155433,127.4490404,,,,,,,,,,07080986634,,"주차 가능, 화장실 남녀 구분, 카페 있음"
KCIBSPO22N000000097,책방 행복의온도,독립서점,문학,34609,대전광역시 동구 동대전로 121 1층 102호,36.333093,127.4449857,11:00,20:00,11:00,20:00,11:00,20:00,,,,07088064080,문학전문책방,
KCIBSPO22N000000098,캐트리오나,독립서점,아동도서,34625,대전광역시 동구 선화로 212 2층,36.33446845,127.4290069,,,,,,,,,,0422218536,동화책과 문구를 판매,독립출판물 있음
KCIBSPO22N000000099,삼요소,독립서점,일반,35231,대전광역시 서구 갈마역로 1 (2층),36.35094631,127.3731452,14:00,22:00,13:00,19:00,,,,,일요일 휴무,01093366506,"서점,카페,문화공간,독립서점","독립출판물 있음, 헌책방 있음"
KCIBSPO22N000000100,노란우산 그림책카페,독립서점,그림책,35415,대전광역시 서구 복수남로12번길 44 105호,36.29920237,127.380992,11:00,20:00,,,,,,,일요일 휴무,01082928188,"그림책카페, 단행본그림책","북토크 가능, 독서모임 가능, 강연 가능"
KCIBSPO22N000000101,원각서점,독립서점,일반,34158,대전광역시 유성구 동서대로 125 한밭대학교 S2동 2층,36.35235262,127.3017638,,,,,,,,,,0428211493,,독서모임 가능
KCIBSPO22N000000102,서점이도저도,독립서점,일반,34117,대전광역시 유성구 신성로62번길 15 1층,36.38855697,127.3486329,11:30,22:00,12:00,22:00,12:00,22:00,,,목요일 휴무,01022685342,"소설,에세이,그림책,인문학 등 다양한 책과 카페운영","카페 있음, 공간대여 가능, 독립출판물 있음, 북토크 가능, 독서모임 가능, 강연 가능, 리뷰 있음"
KCIBSPO22N000000103,마르타의서재,독립서점,일반,34085,대전광역시 유성구 은구비서로24번길 6 지하 1층,36.37419102,127.3208869,14:00,20:00,14:00,20:00,14:00,20:00,,,일요일 휴무,0428226912,"인문사회서적과 예술서적, 어린이그림책 위주의 신간서적을 판매","카페 있음, 독립출판물 있음"
KCIBSPO22N000000104,가까운책방,독립서점,그림책,34927,대전광역시 중구 대흥로 177 2층,36.32557385,127.4313943,14:00,21:00,14:00,21:00,,,,,,07040012937,"그래픽노블 전문서점,독립책방",독립출판물 있음
KCIBSPO22N000000105,잠시서점,독립서점,일반,34872,대전광역시 중구 오류로 116 잠시서점,36.33061764,127.4018084,14:00,21:00,15:30,21:00,,,,,토요일 격주 휴무,01076749692,"독립서점, 동화장가, 고민상담소",주차 가능
KCIBSPO22N000000106,텍스트가든,독립서점,문학,34864,대전광역시 중구 중앙로79번길 23 4층 텍스트가든,36.32631475,127.4195413,12:00,19:00,12:00,19:00,,,,,"월요일, 화요일, 일요일 휴무",01067246524,"식물을 테마로한 에세이,수필,시집,그림책,문학작품들","독서모임 가능, 리뷰 있음"
KCIBSPO22N000000107,도어북스,독립서점,일반,34949,대전광역시 중구 테미로 48 1층,36.32199891,127.4217815,13:00,20:00,13:00,20:00,,,,,일요일 휴무,0426266938,,"카페 있음, 독립출판물 있음"
KCIBSPO22N000000108,북앤스페이스,독립서점,일반,46764,부산광역시 강서구 명지오션시티6로 33 b107호,35.08340261,128.9092793,11:00,18:00,13:00,19:00,,,,,일요일 휴무,0512718004,"책과 공간이라는 컨셉, 주인장 감각으로 큐레이션한 책들","카페 있음, 공간대여 가능, 강연 가능"
KCIBSPO22N000000109,쓰다북스,독립서점,북카페,46244,부산광역시 금정구 금정로 197 쓰다북스,35.24222827,129.0884612,11:00,18:00,,,,,,,"심야책방,휴일책방 운영",0518025244,"캘리그라피관련 지류 용품과 책 판매, 카페를 즐길 수 있음","카페 있음, 독립출판물 있음, 북토크 가능, 독서모임 가능, 강연 가능"
KCIBSPO22N000000110,나락서점,독립서점,일반,48411,부산광역시 남구 전포대로110번길 8 지하1층,35.14645159,129.067344,15:00,20:00,13:00,21:00,13:00,21:00,,,,050713218406,"독립출판물, 일반단행본 판매",독립출판물 있음
KCIBSPO22N000000111,숙희책방 파이데이아 동래지부,독립서점,일반,47864,부산광역시 동래구 사직북로63번길 55 2층 1-1호,35.1978674,129.0582055,,,,,,,,,,050713479050,독서모임이 있는 곳,"카페 있음, 독립출판물 있음"
KCIBSPO22N000000112,동주 책방,독립서점,과학서적,48211,부산광역시 수영구 과정로15번길 8-1,35.17284851,129.1080787,14:00,19:00,14:00,19:00,,,,,"화요일,일요일 휴무",01096690002,"자연과학 전문 서점, 부설 숲생물연구소도 있음","독립출판물 있음, 북토크 가능, 독서모임 가능, 강연 가능, 헌책방 있음"
KCIBSPO22N000000113,이솝우화,독립서점,일반,48302,부산광역시 수영구 남천바다로15번길 40,35.15104809,129.1135651,,,,,,,,,,0212300000,"광안리 앞 각종 소품들도 구비, 소규모 서점","카페 있음, 공간대여 가능"
KCIBSPO22N000000114,책방오월,독립서점,일반,48947,"부산광역시 중구 광복중앙로33번길 16-7 1층 책방오월, 더 타로",35.10239752,129.0293371,,,,,,,,,,050714650512,타로서점과 같이 운영중인 독립서점,"주차 가능, 독립출판물 있음"
KCIBSPO22N000000115,미묘북,독립서점,디자인서적,48951,부산광역시 중구 대청로126번길 28-1,35.10038254,129.03432,13:00,1:00,,,,,,,주말 및 공휴일 별도 공지,050713162890,"사진집,화집,아트북 심야책방",주차 가능
KCIBSPO22N000000116,주책공사,독립서점,북카페,48930,부산광역시 중구 대청로141번길 15-1 1층,35.10423999,129.035063,11:00,20:00,11:00,20:00,11:00,20:00,,,일요일 휴무,01085203530,커피와 책이 있는 문화복합공간,"카페 있음, 독립출판물 있음"
KCIBSPO22N000000117,여행하다,독립서점,인문서적,48930,부산광역시 중구 대청로141번길 17 1층,35.10435038,129.0350609,10:00,22:00,13:00,18:00,13:00,18:00,13:00,18:00,,050713214309,"심리서 전문 독립서점, 타로점도 같이운영","주차 가능, 화장실 남녀 구분, 카페 있음"
KCIBSPO22N000000118,마이 유니버스,독립서점,중고서적,48967,부산광역시 중구 책방골목길 8-1 1층,35.10372748,129.0261118,14:00,19:00,14:00,19:00,14:00,19:00,,,수요일 휴무,050713220318,독립서점,독립출판물 있음
KCIBSPO22N000000119,그림책방 dear,독립서점,그림책,48109,부산광역시 해운대구 좌동순환로 275 2F,35.16919543,129.1863399,14:00,21:00,14:00,21:00,,,,,금요일 14:00~21:00 월~목 정기 휴무,050713260507,"상가 건물 2층, 그림책방","주차 가능, 카페 있음, 독립출판물 있음"
KCIBSPO22N000000120,순정책방,독립서점,일반,05271,서울특별시 강동구 동남로65길 15-5,37.54748275,127.1550027,14:00,21:00,,,,,,,"토요일, 일요일, 월요일",07040628202,"자연, 예술, 가족, 동물, 그래픽노블, 그림책, 독립출판뭉","주차 가능, 화장실 남녀 구분, 강연 가능, 헌책방 있음"
KCIBSPO22N000000121,문보우북스,독립서점,일반,05283,서울특별시 강동구 천호대로221길 30 1층 오른쪽,37.54811473,127.1727797,12:00,19:00,,,,,,,일요일,01093251745,토요일은 프로젝트데이,"독립출판물 있음, 북토크 가능, 강연 가능"
KCIBSPO22N000000122,호수책장,독립서점,그림책,07638,서울특별시 강서구 강서로45길 132-14,37.55067821,126.8315838,9:00,17:00,,,,,,,,01022257690,"주말 예약제. 지구책장, 생태서점, 그림책방",화장실 남녀 구분
KCIBSPO22N000000123,악어책방,독립서점,일반,07704,서울특별시 강서구 강서로45다길 30-27 초록아파트 상가 102호,37.54614954,126.8346715,10:00,20:00,10:00,17:30,,,,,공휴일,01030223017,예약 회원제. 아이와 엄마를 위한 책. 클래스와 모임,"주차 가능, 화장실 남녀 구분, 독립출판물 있음"
KCIBSPO22N000000124,나무곁에 서서,독립서점,일반,07529,서울특별시 강서구 강서로76길 19 1층,37.56934057,126.8426262,11:00,19:00,14:00,19:00,,,,,"일요일, 월요일",01089630186,"목, 금 오후2시~오후7시 영업. 숲, 생태, 환경, 교육을 이야기하는 공간","공간대여 가능, 독립출판물 있음, 독서모임 가능"
KCIBSPO22N000000125,다시서점,독립서점,일반,07605,서울특별시 강서구 방화대로33길 13 1층,37.56841625,126.8157874,,,,,,,,,,01092854869,"시집과 시인의 산문류, 텍스트 위주의 독림출판물 판매","주차 가능, 화장실 남녀 구분, 독립출판물 있음, 독서모임 가능, 리뷰 있음"
KCIBSPO22N000000126,다시서점 북터미널,독립서점,일반,07605,서울특별시 강서구 양천로24길 113 지하1층,37.56819751,126.8153705,,,,,,,,,,07043834869,온라인몰 운영을 위한 공간. 매장은 3분 거리 방화대로 33길 13 1층 위치,"카페 있음, 독립출판물 있음, 리뷰 있음"
KCIBSPO22N000000127,살롱드북,독립서점,일반,08739,서울특별시 관악구 남부순환로231길 11 태주빌라 1층,37.48039632,126.95698,14:00,22:00,14:00,22:00,,,,,"일요일, 월요일",07040072466,책과 술을 판매하는 서점,"카페 있음, 리뷰 있음"
KCIBSPO22N000000128,책방여행마을,독립서점,여행서적,08752,서울특별시 관악구 봉천로 401-1 2층,37.48318843,126.9446607,14:00,21:00,14:00,21:00,,,,,일요일,01088207914,여행 전문 독립 책방,"독서모임 가능, 리뷰 있음"
KCIBSPO22N000000129,재론북스,독립서점,일반,08777,서울특별시 관악구 신림로 318 1층 101호 재론북스,37.4825745,126.9302525,10:30,22:00,10:30,21:00,13:00,19:00,,,월요일,01098170314,독립출판물과 북큐레이션 서점. 쌍화차 대추차 커피 등 판매,리뷰 있음
KCIBSPO22N000000130,관객의 취향,독립서점,일반,08752,"서울특별시 관악구 양녕로 19 1층,2층",37.48385258,126.9464535,13:00,21:00,13:00,21:00,13:00,21:00,,,"월요일, 화요일",07088182046,독립출판물 주로 취급,"독립출판물 있음, 리뷰 있음"
KCIBSPO22N000000131,하얀정원,독립서점,북카페,08740,서울특별시 관악구 행운1길 40 1층,37.48065273,126.9573874,14:00,21:00,14:00,21:00,,,,,일~화요일 정기 휴무,01065550273,"헌 책과 새 책, 예술을 사랑하는 사람들의 놀이공간이자 아지트","독립출판물 있음, 북토크 가능, 리뷰 있음"
KCIBSPO22N000000132,회전문서재,독립서점,일반,08768,서울특별시 관악구 조원로2길 55 1층,37.4812602,126.9013739,15:30,20:00,13:00,18:00,,,,,"금요일, 일요일 휴무. 인스타그램 참조",050714557025,구로디지털단지역 느슨한 연대가 매력있는 서점',"독립출판물 있음, 리뷰 있음"
KCIBSPO22N000000133,생산적헛소리,독립서점,일반,05009,서울특별시 광진구 능동로19길 5 지하,37.54688529,127.0734858,15:00,22:00,13:00,19:00,,,,,일요일,01046752214,모임과 인문/문화/예술 관련 프로그램을 만들어 운영,"카페 있음, 독립출판물 있음, 리뷰 있음"
KCIBSPO22N000000134,인공위성,독립서점,일반,08283,서울특별시 구로구 구로중앙로27가길 32 1층,37.497604,126.8864845,12:00,21:00,12:00,21:00,12:00,21:00,,,"월요일, 화요일",07046420255,기부도서로 구성되는 질문서점,리뷰 있음
KCIBSPO22N000000135,올오어낫싱,독립서점,일반,08608,서울특별시 금천구 시흥대로 315 금천롯데캐슬골드파크4차 마르쉐도르960동 2층 206호,37.46106886,126.8972538,13:00,21:00,13:00,21:00,,,,,일요일,028677595,독립출판물 외 기타 서적 다량의 책 취급,"독립출판물 있음, 헌책방 있음, 리뷰 있음"
KCIBSPO22N000000136,도도봉봉,독립서점,일반,01456,서울특별시 도봉구 도봉로114길 57 1층 도도봉봉,37.64770259,127.0375133,15:30,20:30,15:30,20:30,,,,,"일요일, 월요일",01067703357,"문학, 예술, 만화, 독립출판물",리뷰 있음
KCIBSPO22N000000137,영화책방 35mm,독립서점,시각예술,02529,서울특별시 동대문구 답십리로63길 30 101호,37.57385508,127.0686033,12:00,20:00,12:00,20:00,12:00,20:00,,,"월요일, 화요일",01059188068,수요일 목요일 문의 후 방문. 영화를 테마로 하는 책방,독립출판물 있음
KCIBSPO22N000000138,책방 오후 다섯시,독립서점,일반,02460,서울특별시 동대문구 회기로26길 14,37.59026161,127.0542982,,,,,,,,,,,,"카페 있음, 독립출판물 있음"
KCIBSPO22N000000139,어나더더블유,독립서점,일반,07013,서울특별시 동작구 사당로30길 42,37.48308249,126.9808299,11:30,19:00,,,,,,,주말,01099329054,"월요일 오후2시반 오픈, 금요일 오후 5시 마감. 당신의 이야기가 책이 되는 곳",
KCIBSPO22N000000140,ZEROHUNDRED,독립서점,일반,04007,서울특별시 마포구 망원로2길 19 호강주택 상가 1층 3호,37.55555102,126.9009083,,,,,,,,,,01056511324,인쇄출판물 위주로 소개하는 서점,"주차 가능, 화장실 남녀 구분, 북토크 가능, 독서모임 가능, 강연 가능"
KCIBSPO22N000000141,piece,독립서점,사진,03973,서울특별시 마포구 성미산로11길 63,37.56342697,126.9156205,13:00,20:00,13:00,20:00,13:00,20:00,,,목요일,01049174133,국내외 사진집과 오리지널 프린트 취급,"카페 있음, 독서모임 가능"
KCIBSPO22N000000142,서점 리스본,독립서점,북카페,03979,서울특별시 마포구 성미산로23길 60,37.56608962,126.9200531,13:00,20:00,13:00,20:00,13:00,20:00,,,월요일,01095482360,"생일책, 비밀책 등 다양한 테마가 있는 서점","카페 있음, 독립출판물 있음"
KCIBSPO22N000000143,책방 곱셈,독립서점,디자인서적,03979,서울특별시 마포구 성미산로29길 33 1층,37.56533056,126.9217846,12:00,19:00,12:00,20:00,14:00,20:00,,,격주 일요일,023368063,출판관계자 및 디자이너 영감 도서,독립출판물 있음
KCIBSPO22N000000144,구슬꿰는실,독립서점,전문서적,04074,서울특별시 마포구 어울마당로2길 19 3층,37.54610691,126.9203075,,,,,,,,,,0263687949,방문 전 운영 여부와 이용 가능 시간 확인 必. 사회복지 전문 서점,"주차 가능, 화장실 남녀 구분, 리뷰 있음"
KCIBSPO22N000000145,아인서점,독립서점,일반,04025,서울특별시 마포구 월드컵로3길 31-30 3층,37.54990425,126.9109275,13:00,19:00,13:00,19:00,13:00,19:00,,,,07086670033,독립출판물 전문 서점,"독립출판물 있음, 북토크 가능, 독서모임 가능, 강연 가능"
KCIBSPO22N000000146,수수책방,독립서점,일반,04085,서울특별시 마포구 토정로 8-7 1층,37.54538004,126.9117968,,,,,,,,,,023363625,"책과 차. 전시회, 문화예술, 소모임 대관 등","주차 가능, 화장실 남녀 구분, 카페 있음, 독립출판물 있음, 북토크 가능, 독서모임 가능, 강연 가능"
KCIBSPO22N000000147,유어마인드,독립서점,일반,03703,서울특별시 서대문구 연희로11라길 10-6 2층 우측,37.56839464,126.9303023,13:00,20:00,13:00,20:00,13:00,20:00,,,"화요일, 신정, 설, 추석, 크리스마스",07088218990,"독립출판물과 아트북을 핵심으로 수입 서적, 음반, 굿즈를 함께 판매","카페 있음, 독립출판물 있음"
KCIBSPO22N000000148,미스터리 유니온,독립서점,문학,03765,서울특별시 서대문구 이화여대길 88-11,37.55934749,126.9436928,13:00,22:00,13:00,22:00,,,,,"일요일, 월요일",0260807040,추리소설 전문서점,"카페 있음, 독립출판물 있음"
KCIBSPO22N000000149,별별그림,독립서점,그림책,03664,서울특별시 서대문구 증가로6길 43 1층 102호,37.57833013,126.9264653,12:00,20:00,13:00,20:00,,,,,일요일,07041193654,"그림책, 그림 관련 서점, 그림 그리는 서점",리뷰 있음
KCIBSPO22N000000150,다독이는 책방,독립서점,일반,06725,서울특별시 서초구 남부순환로333길 10 1층,37.48316192,127.0204144,8:00,15:00,14:00,22:00,,,,,,01072077839,카운셀링 책방. 예약제,"카페 있음, 독립출판물 있음, 북토크 가능, 독서모임 가능"
KCIBSPO22N000000151,책방 책읽는 정원,독립서점,일반,06783,서울특별시 서초구 논현로7길 24 101호,37.47275824,127.0479236,12:00,20:00,12:00,18:00,12:00,18:00,,,"월요일, 화요일",0220570401,금요일 운영시간 주말과 같음. 다섯 명의 책방지기의 큐레이션 서점,카페 있음
KCIBSPO22N000000152,책방오늘,독립서점,인문서적,06753,서울특별시 서초구 바우뫼로 154 103호,37.47708413,127.0372754,12:00,20:00,12:00,20:00,12:00,20:00,,,,025295055,"인문서적, 예술서, 독립출판, 문학","독립출판물 있음, 북토크 가능, 독서모임 가능, 강연 가능"
KCIBSPO22N000000153,개러지레옹스,독립서점,외국서적,06556,서울특별시 서초구 방배중앙로 170 지하1층,37.49428443,126.9863216,12:00,21:00,13:00,21:00,13:00,21:00,,,월요일,07041511110,프랑스서점 프랑스 전문 서점,"독립출판물 있음, 북토크 가능, 강연 가능"
KCIBSPO22N000000154,믿음문고,독립서점,일반,06748,서울특별시 서초구 양재천로 95-4 1F,37.47619074,127.0395945,11:00,19:00,11:00,19:00,,,,,"일요일, 월요일",07077763384,수요일 22시까지 영업. 신학 철학 심리학 문학 인문사회 과학 예술 서적,"주차 가능, 화장실 남녀 구분, 독립출판물 있음, 독서모임 가능, 강연 가능, 리뷰 있음"
KCIBSPO22N000000155,이나이테,독립서점,여행서적,06690,서울특별시 서초구 효령로5길 26-4 1층,37.47829563,126.9860847,10:00,22:00,,,,,,,"금요일, 주말, 공휴일",025955158,도시를 잇는 골목서점 이나이테,"주차 가능, 화장실 남녀 구분, 리뷰 있음"
KCIBSPO22N000000156,프루스트의 서재,독립서점,중고서적,04728,서울특별시 성동구 무수막길 56 1F,37.55124523,127.0219328,13:00,20:00,13:00,20:00,,,,,,01089882682,중고서점,"독립출판물 있음, 독서모임 가능"
KCIBSPO22N000000157,낫저스트북스,독립서점,일반,04779,서울특별시 성동구 성수일로1길 10-1 1층,37.54190854,127.047425,13:00,21:00,13:00,21:00,13:00,18:00,,,화요일,07041122016,"월금토 1-9pm, 수목일 1-6pm 영업 책방지기가 선정한 책으로 구성","독립출판물 있음, 강연 가능"
KCIBSPO22N000000158,옥수서재,독립서점,인문서적,04735,서울특별시 성동구 한림말1길 16-1 B1층,37.54272406,127.0164052,12:00,20:00,12:00,18:00,,,,,"일요일, 공휴일",01054733012,"역사, 문학, 예술, 어린이 책들 그리고 커피와 차",
KCIBSPO22N000000159,원애플어데이,독립서점,일반,02829,서울특별시 성북구 동소문로29길 10 1층,37.59636004,127.0202984,13:00,20:00,13:00,20:00,13:00,20:00,,,"월요일, 화요일",01027592332,"독립 서적물 및 출판. 맥주, 커피","카페 있음, 북토크 가능, 독서모임 가능, 강연 가능"
KCIBSPO22N000000160,일일문고,독립서점,디자인서적,02725,서울특별시 성북구 삼양로 27 1층,37.60559337,127.0239644,13:00,20:00,13:00,20:00,13:00,20:00,,,월요일,07077058209,"독립출판물과 건축, 디자인 서적을 판매",
KCIBSPO22N000000161,사적인서점,독립서점,일반,05510,서울특별시 송파구 올림픽로 269 롯데캐슬골드 지하1층 교보잠실점,37.51442767,127.1006116,12:00,21:00,12:00,21:00,12:00,21:00,12:00,21:00,"설날, 추석 당일",07041511001,"책처방, 맞춤책, 큐레이션서점","북토크 가능, 독서모임 가능, 강연 가능"
KCIBSPO22N000000162,책방 생활의지혜,독립서점,일반,05562,서울특별시 송파구 올림픽로10길 40,37.50817501,127.0815727,10:00,20:00,,,,,,,,01071047747,"공기 서점, 도서 큐레이션 서점",독립출판물 있음
KCIBSPO22N000000163,오렌지 탱고,독립서점,일반,05825,서울특별시 송파구 중대로16길 12 201호,37.49597914,127.1257635,,,,,,,,,,024016692,,"카페 있음, 공간대여 가능"
KCIBSPO22N000000164,사해책방,독립서점,일반,07947,서울특별시 양천구 목동중앙북로 33-20,37.54238884,126.8695296,10:00,19:00,,,,,,,일요일,01067274278,"다양한 국내외도서, 원데이클래스 소모임 등 공간 대여 가능, 카페",독립출판물 있음
KCIBSPO22N000000165,일상상상,독립서점,일반,07934,서울특별시 양천구 오목로15길 14 1층 일상상상케페,37.52428663,126.8460384,17:00,22:00,,,,,,,주말,01089387631,도서판매/도서대여/커피와 차/장소대관/원데이클래스,"주차 가능, 리뷰 있음"
KCIBSPO22N000000166,새벽감성1집,독립서점,일반,07903,서울특별시 양천구 월정로50길 16-8 101호,37.54134887,126.8316983,12:00,21:00,13:00,19:00,13:00,19:00,,,수요일,01029239065,"화요일은 오후3시까지 영업. 여행, 고양이, 에세이, 소설, 독립서적 주로 취급","주차 가능, 화장실 남녀 구분, 카페 있음, 공간대여 가능, 독립출판물 있음, 독서모임 가능, 강연 가능, 리뷰 있음"
KCIBSPO22N000000167,일단불온,독립서점,일반,07265,서울특별시 영등포구 당산로18길 16-1 1층 독립책방 일단불온,37.52278919,126.8979183,,,,,,,,,,01050951802,책방지기가 고른 책들 진열,리뷰 있음
KCIBSPO22N000000168,스토리지북앤필름,독립서점,일반,04337,서울특별시 용산구 신흥로 115-1,37.54477692,126.983156,13:00,19:00,13:00,19:00,13:00,19:00,,,,07051039975,독립출판물 전문 서점,화장실 남녀 구분
KCIBSPO22N000000169,별책부록,독립서점,일반,04339,서울특별시 용산구 신흥로16길 7,37.54493682,126.9870009,13:30,19:30,13:30,19:30,13:30,19:30,,,월요일,07040076690,"국내외 독립출판물, 디자인 예술 단행본, 중고도서, 음반, 디자인 제품",독립출판물 있음
KCIBSPO22N000000170,Beleben,독립서점,일반,04345,서울특별시 용산구 회나무로12길 5 Beleben 벨리븐,37.53915251,126.989627,14:00,22:00,14:00,22:00,14:00,22:00,,,"월요일, 화요일",027978303,국내외 희귀도서 고서 아트북 화보집 만화책 시집 초판본 등 다양한 서적,"주차 가능, 화장실 남녀 구분, 카페 있음"
KCIBSPO22N000000171,책꼬리,독립서점,일반,03469,서울특별시 은평구 응암로16길 22 1층,37.59133423,126.9197903,,,,,,,,,,0260131955,카페와 책방,"주차 가능, 리뷰 있음"
KCIBSPO22N000000172,옥탑방책방,독립서점,일반,03181,서울특별시 종로구 경교장길 8 중앙대학교 평동캠퍼스 505호,37.56741593,126.9663051,10:00,19:00,,,,,,,주말,01068321534,독립출판물만을 전문적으로 다루는 독립서점,"주차 가능, 화장실 남녀 구분, 독립출판물 있음, 리뷰 있음"
KCIBSPO22N000000173,티움 스터디 공간,독립서점,일반,03060,서울특별시 종로구 율곡로5길 24,37.57712367,126.9846185,14:00,23:30,,,,,,,,01079215133,,"독립출판물 있음, 헌책방 있음"
KCIBSPO22N000000174,더북소사이어티,독립서점,디자인서적,03044,서울특별시 종로구 자하문로10길 22 2층,37.57931647,126.9727004,13:00,19:00,13:00,19:00,13:00,19:00,,,월요일,07086215676,"현대 미술, 디자인 관련 국내외 도서 전문 취급","북토크 가능, 독서모임 가능, 강연 가능"
KCIBSPO22N000000175,Off to Alone,독립서점,일반,03036,서울특별시 종로구 자하문로15길 26-4,37.58080425,126.9695203,,,,,,,,,"일요일, 월요일",01011110000,영업시간 인스타그램 참조. 일러스트레이션 진/독립출판물 서점,독서모임 가능
KCIBSPO22N000000176,비화림,독립서점,일반,03057,서울특별시 종로구 창덕궁길 153 1층 비화림서점,37.582997,126.9874505,11:00,19:00,11:00,19:00,11:00,19:00,,,"월요일, 화요일",01073270312,큐레이션 서점,"카페 있음, 공간대여 가능, 독립출판물 있음, 북토크 가능, 독서모임 가능, 강연 가능, 리뷰 있음"
KCIBSPO22N000000177,커넥티드북스토어,독립서점,일반,03194,서울특별시 종로구 청계천로 159 3층 외부 바열 328호,37.56928171,126.9952398,13:00,19:00,13:00,19:00,,,,,일요일,07042575477,"국내외 아트북, 대형서점에는 없는 책, 독립출판물을 소개","화장실 남녀 구분, 카페 있음, 독립출판물 있음"
KCIBSPO22N000000178,명사서책방,독립서점,그림책,03194,서울특별시 종로구 청계천로 159 세운상가 4층 가 427호,37.56928171,126.9952398,,,,,,,,,,,"국내 잘 알려지지 않은 프랑스어권 그림책, 그림책 서평집, 국내 그림책",독립출판물 있음
KCIBSPO22N000000179,파움스서울,독립서점,시각예술,03039,서울특별시 종로구 필운대로 15-10 4층,37.57787861,126.9691127,13:00,19:00,13:00,19:00,,,,,"일요일, 월요일, 화요일",01049309125,"영화적인 것들을 만나보실 수 있는 독립서점, 시네마라운지",주차 가능
KCIBSPO22N000000180,아이엠굿북,독립서점,문학,04536,서울특별시 중구 명동4길 14 3층 아이엠굿북,37.56493383,126.9855328,,,,,,,,,,0260101266,세계 최초의 이미지 오디오북 매장,"독서모임 가능, 리뷰 있음"
KCIBSPO22N000000181,얄라북스,독립서점,시각예술,04550,서울특별시 중구 을지로 114-6 606호,37.56583436,126.9906099,11:00,19:00,,,,,,,,0222743331,"사진, 회화, 일러스트 등 시각 예술 분야의 전문서적과 독립출판물","카페 있음, 공간대여 가능"
KCIBSPO22N000000182,노말에이,독립서점,일반,04543,서울특별시 중구 을지로 121-1 2층,37.5665285,126.9914084,12:00,20:00,12:00,20:00,,,,,공휴일,07046815858,"국내외 서적, 문구류를 직접 큐레이션 하여 밀도 있게 소개","카페 있음, 공간대여 가능, 강연 가능"
KCIBSPO22N000000183,보위옥,독립서점,일반,04557,서울특별시 중구 충무로2길 20 2층,37.562399,126.9942467,,,,,,,,,,01056214082,,"카페 있음, 독립출판물 있음, 북토크 가능, 독서모임 가능, 강연 가능"
KCIBSPO22N000000184,스페인책방,독립서점,외국서적,04625,서울특별시 중구 퇴계로36길 29 기남빌딩 5층 603호,37.56054795,126.9950588,14:00,20:00,13:00,18:00,,,13:00,18:00,일요일,01094607694,"스페인, 중남미 관련책, 스페인어원서, 독립출판물 등","독립출판물 있음, 북토크 가능, 독서모임 가능, 강연 가능"
KCIBSPO22N000000185,꿈꾸는 책방,독립서점,일반,44655,울산광역시 남구 문수로423번길 14 꿈꾸는책방,35.53488778,129.2999863,,,,,,,,,,01035515501,"동네책방, 큐레이팅책방, 독서모임",독립출판물 있음
KCIBSPO22N000000186,내가 지은,독립서점,일반,44943,울산광역시 울주군 언양읍 헌양길 234 1층,35.56906703,129.1138365,19:00,22:00,19:00,22:00,,,,,"매일 09:00~01:00 공유서재, 연중무휴 | 평일 19:00~22:00 독립서점, 공휴일 및 일/월 휴무",01032876624,"공유서재와 독립서점으로 나눠서 운영, 공부와 책읽는 장소 대여가 가능한 공유서재, 책판매를 하는 독립서점 같이 운영","독립출판물 있음, 독서모임 가능, 강연 가능"
KCIBSPO22N000000187,꿈공작소 모모,독립서점,인문서적,23031,인천광역시 강화군 강화읍 북문길 10 꿈공작소 모모,37.74790348,126.4847422,11:00,17:00,11:00,17:00,11:00,17:00,,,"화요일, 수요일",01087614362,모모책방과 독서공간,"카페 있음, 공간대여 가능"
KCIBSPO22N000000188,이루라 책방,독립서점,일반,23017,인천광역시 강화군 내가면 구하리 495,37.72392018,126.3639882,,,,,,,,,,01068363595,,카페 있음
KCIBSPO22N000000189,책방 국자와주걱,독립서점,북스테이,23058,인천광역시 강화군 양도면 강화남로428번길 46-27,37.65330993,126.4450809,,,,,,,,,,01025983947,시간 전화문의. 옛 한옥집을 꾸며 만든 서점 및 북스테이,독립출판물 있음
KCIBSPO22N000000190,말앤북스,독립서점,인문서적,21569,인천광역시 남동구 문화서로28번길 13-1,37.44775087,126.696784,,,,,,,,,,0324422017,비정기책방과 미술교실,독립출판물 있음
KCIBSPO22N000000191,고양이수염,독립서점,인문서적,21566,인천광역시 남동구 문화서로49번길 39 103호,37.4496917,126.6940619,,,,,,,,,,01073510128,하루를 마무리하는 심야서점. 구월동에 위치한 독립서점,"카페 있음, 독서모임 가능"
KCIBSPO22N000000192,커넥더닷츠,독립서점,일반,22554,인천광역시 동구 서해대로513번길 15 2층,37.47216947,126.6367067,,,,,,,,,,01064330072,"독립출판물, 중고서적, 핸드드립 커피, 계절과일청 음료",독립출판물 있음
KCIBSPO22N000000193,나비날다책방,독립서점,일반,22554,인천광역시 동구 송림로 8,37.47283479,126.6361577,,,,,,,,,,,배다리 헌책방거리에 위치한 책방,"카페 있음, 북토크 가능, 강연 가능"
KCIBSPO22N000000194,책방모도,독립서점,일반,22516,인천광역시 동구 화수로47번길 14,37.48305456,126.6319738,11:00,19:00,11:00,19:00,11:00,19:00,,,,07088771215,동인천 화수동 골목길 작은 서점 책방,"독립출판물 있음, 북토크 가능"
KCIBSPO22N000000195,취한책방,독립서점,북카페,22207,인천광역시 미추홀구 경인남길 76 지하 1층 취한책방,37.4531926,126.6572815,10:00,18:00,10:00,18:00,,,,,일요일,01099906413,술집 b612 안에 샵인샵으로 입점. 낮에는 책방 밤에는 술집이 되는 공간,"카페 있음, 리뷰 있음"
KCIBSPO22N000000196,사람과공간딴뚬뚬,독립서점,일반,22154,인천광역시 미추홀구 경인로 358 B1,37.45825983,126.6797678,11:30,20:00,11:30,20:00,11:30,20:00,,,,01030548624,독립출판물 등을 취급하는 북카페,"북토크 가능, 독서모임 가능, 리뷰 있음"
KCIBSPO22N000000197,연꽃빌라,독립서점,일반,21338,인천광역시 부평구 길주로547번길 8-12,37.50773183,126.7238718,12:00,22:00,12:00,22:00,12:00,22:00,,,목요일,0322217933,독립출판물 전문 취급,리뷰 있음
KCIBSPO22N000000198,출판스튜디오 쓰는하루,독립서점,북카페,21364,인천광역시 부평구 부평대로165번길 26 1층 쓰는하루,37.50534606,126.7196714,11:00,20:30,11:00,20:30,11:00,20:30,,,월요일,01042482647,북카페 겸 갤러리. 책은 구매해야지만 읽을 수 있음,"독립출판물 있음, 리뷰 있음"
KCIBSPO22N000000199,북극서점,독립서점,일반,21355,인천광역시 부평구 장제로221번길 27 2층,37.50526036,126.7294498,14:00,21:00,14:00,21:00,14:00,21:00,,,영업시간 인스타 피드 확인 필수,07075334733,"독립출판물, 해외 아트북, 큐레이션 북","카페 있음, 독립출판물 있음, 독서모임 가능, 리뷰 있음"
KCIBSPO22N000000200,사각공간,독립서점,일반,21337,인천광역시 부평구 장제로249번길 16 1층,37.50796425,126.7302988,10:00,21:00,10:00,21:00,,,,,일요일,0322150423,동네서점 동네책방 작은책방,"주차 가능, 화장실 남녀 구분"
KCIBSPO22N000000201,독립서점 마음책방,독립서점,인문서적,22729,인천광역시 서구 심곡로24번길 18 1층 마음책방,37.54055045,126.6719065,15:00,22:00,15:00,22:00,15:00,22:00,,,화요일,01077431558,"인천서구청역 독립서점 독립책방, 카페, 대여 등",리뷰 있음
KCIBSPO22N000000202,서점안착 호미사진관,독립서점,인문서적,22731,인천광역시 서구 염곡로498번안길 5-20 1층 서점안착 호미사진관,37.52854089,126.6715391,12:00,19:00,13:00,19:00,13:00,19:00,13:00,19:00,휴무 인스타 확인,01042481258,독립서점+소규모 사진관+카페 의 복합공간,리뷰 있음
KCIBSPO22N000000203,가현정북스책공방,독립서점,인문서적,57340,전라남도 담양군 담양읍 객사3길 9-1 가현정북스,35.32359728,126.9820438,10:00,18:00,10:00,18:00,10:00,18:00,,,외부강연일정에 따른 휴무 - 인스타그램 공지 참고,01092610575,"블루베리 체험, 독서와 글쓰기 수업과 담양의 농산물을 활용한 맛있는 인문학 체험 등 다양한 프로그램","주차 가능, 공간대여 가능, 독립출판물 있음, 독서모임 가능"
KCIBSPO22N000000204,지구별서점,독립서점,일반,58726,전라남도 목포시 수문로 63 지구별서점,34.79400903,126.3796876,14:00,19:00,14:00,19:00,,,,,"수요일, 목요일, 일요일 휴무",01054993511,목포 원도심에 위치한 독립서점,리뷰 있음
KCIBSPO22N000000205,동네산책,독립서점,문학,58704,전라남도 목포시 용해로86번길 1-2,34.80382185,126.4021867,12:00,20:00,12:00,20:00,12:00,20:00,,,월요일 휴무,050713454565,독서모임과 글쓰기워크숍을 진행하는 문학 중심 작은 책방,"주차 가능, 화장실 남녀 구분, 리뷰 있음"
KCIBSPO22N000000206,골목책방서성이다,독립서점,인문서적,57941,전라남도 순천시 금곡길 15 골목책방서성이다,34.95477229,127.4826071,11:00,19:00,11:00,19:00,11:00,19:00,,,월요일 휴무,050713491237,"인문학서적과 독립출간물을 주로 갖춘 책방으로 책모임, 영화모임, 저자와의만남,전시회 등 서성이는 마음들 잠시 쉬어가는 곳","주차 가능, 공간대여 가능, 북토크 가능"
KCIBSPO22N000000207,심다,독립서점,일반,57964,전라남도 순천시 역전2길 10 심다,34.94699032,127.4980123,13:00,19:00,13:00,19:00,13:00,19:00,,,매달 30일 정기휴무,0617414792,잔잔한 분위기에 정리되어있는 다양한 독립출판물,"주차 가능, 화장실 남녀 구분, 리뷰 있음"
KCIBSPO22N000000208,책방 룸펜 인텔리겐챠,독립서점,일반,59746,전라남도 여수시 이순신광장로 220 1층 106호 태양맨션상가,34.74041266,127.745646,11:00,20:00,11:00,20:00,11:00,20:00,,,,050714763324,인문서적 위주의 책방,독립출판물 있음
KCIBSPO22N000000209,마리서사,독립서점,일반,54022,전라북도 군산시 구영5길 21-26,35.98577995,126.707556,11:00,20:00,11:00,20:00,11:00,18:00,,,월요일 휴무,0634457364,1920년대에 건립된 적산가옥을 이용한 동네 책방 독립서점,"카페 있음, 독립출판물 있음, 헌책방 있음"
KCIBSPO22N000000210,책방 조용한흥분색,독립서점,여행서적,54039,전라북도 군산시 풍문2길 5-2 책방 조용한흥분색,35.97830934,126.7163102,11:00,20:00,11:00,20:00,11:00,20:00,,,,050714718770,"여행 관련 독립출판물, 책방지기의 취향이 담긴 독립출판물","강연 가능, 헌책방 있음"
KCIBSPO22N000000211,꿈꾸는소리,독립서점,일반,55334,전라북도 완주군 삼례읍 삼봉5로 60 사회적기업사무실 2층,35.92294076,127.1166253,13:00,18:00,,,,,,,"공휴일, 토요일, 일요일 휴무",01043019229,"삼례 작은 마을에서 반짝반짝 꿈을 꾸는 책방, 그리고 스피치 연구소. 월요일 ~14:00, 수요일 금요일 ~15:00",리뷰 있음
KCIBSPO22N000000212,북메리카노,독립서점,일반,54594,"전북 익산시 익산대로16길 36 2층,3층",35.9397279,126.9512554,13:00,22:00,13:00,22:00,13:00,22:00,,,"월,화,수,목 휴무",050713164564,"나, 심리, 그림을 주제로 독립출판물을 판매,인상담, 타로상담 ,취미, 원데이클래스(캔들, 방향제),독서모임, 교육 등을 예약제로 진행",독립출판물 있음
KCIBSPO22N000000213,7월의 서재,독립서점,일반,54593,전라북도 익산시 중앙로1길 6-2 2층,35.94010864,126.9485713,10:00,19:00,,,,,,,,01082972504,독립출판물을 다루는 동네 책방,"카페 있음, 독립출판물 있음"
KCIBSPO22N000000214,두번째집,독립서점,북카페,54604,전라북도 익산시 평동로11길 12 남부시장 내 두 번째 집,35.93194536,126.9533796,10:00,17:00,13:00,19:00,,,,,수요일 10:00~16:00,050713452086,"책을 중심으로 이야기하고 가치를 공유, 커피도 판매,  그림책, 강연, 특별수업 등 비정기적으로 진행","카페 있음, 독립출판물 있음"
KCIBSPO22N000000215,잘익은언어들,독립서점,일반,54830,전라북도 전주시 덕진구 두간11길 15,35.86405079,127.1150511,13:00,18:00,13:00,18:00,13:00,18:00,,,,01030006959,"책방지기가 프리랜서로 일하고 있어서,가끔 행사시에 저녁이나 주말에 오픈, 동네 작은 책방","주차 가능, 헌책방 있음, 리뷰 있음"
KCIBSPO22N000000216,소소당,독립서점,일반,54836,전라북도 전주시 덕진구 솔내7길 17-10 소소당,35.8603778,127.1232096,10:00,20:00,10:00,20:00,10:00,20:00,,,명절휴무,050713406267,홀린듯 발길이 머무는곳~소소당 전주송천동에 자리한 골목안 동네책방,"독립출판물 있음, 독서모임 가능, 강연 가능"
KCIBSPO22N000000217,살림책방,독립서점,일반,54887,전라북도 전주시 덕진구 하가3길 20-9,35.84760041,127.1131234,12:00,18:00,12:00,18:00,12:00,18:00,,,화요일 휴무,01033651221,"인문, 사회, 철학, 예술 등 다양한 도서들과 그림책을 판매, 문구 및 소품도 판매","독서모임 가능, 헌책방 있음"
KCIBSPO22N000000218,물결서사,독립서점,일반,55005,전라북도 전주시 완산구 물왕멀2길 9-6,35.82643591,127.1470906,13:00,19:00,13:00,19:00,,,,,"일요일, 월요일 휴무",01074730296,작은 독립책방,"주차 가능, 화장실 남녀 구분, 카페 있음, 공간대여 가능, 독립출판물 있음"
KCIBSPO22N000000219,에이커북스토어,독립서점,일반,55038,전라북도 전주시 완산구 전라감영4길 1 4층,35.81566861,127.14488,13:00,19:00,13:00,19:00,13:00,19:00,,,월요일휴무,050713213574,독립출판물을 다루는 작은 책방,"주차 가능, 화장실 남녀 구분, 카페 있음, 독립출판물 있음"
KCIBSPO22N000000220,평화와 평화,독립서점,북카페,55038,전라북도 전주시 완산구 전라감영4길 16-7 3층,35.81705369,127.1448856,13:00,22:00,11:00,22:00,11:00,22:00,11:00,22:00,휴무일 인스타로공지,050713249340,"웨딩거리 책,술과 문화를 다루는 공간","주차 가능, 화장실 남녀 구분, 리뷰 있음"
KCIBSPO22N000000221,서점 카프카,독립서점,문학,55043,전라북도 전주시 완산구 풍남문4길 32 2층 카프카,35.81512548,127.145308,12:00,21:00,,,12:00,21:00,,,,050713157853,문학책 위주의 북카페 독립서점,"독립출판물 있음, 리뷰 있음"
KCIBSPO22N000000222,라바북스,독립서점,일반,63611,제주특별자치도 서귀포시 남원읍 태위로 87 1층,33.27443607,126.6568159,12:00,18:00,12:00,18:00,12:00,18:00,,,수요일 휴무,050714770444,소소한 제주소품들과 주인장 취향의 책들을 만날 수 있는 작은 책방,"화장실 남녀 구분, 카페 있음, 독립출판물 있음, 북토크 가능, 독서모임 가능, 리뷰 있음"
KCIBSPO22N000000223,어나더페이지,독립서점,일반,63508,제주특별자치도 서귀포시 대정읍 동일하모로220번길 19,33.22399269,126.2547954,10:00,19:00,10:00,19:00,10:00,18:30,,,목요일 휴무,050713344276,작고 조용한 동네 책방,"독립출판물 있음, 북토크 가능, 독서모임 가능, 리뷰 있음"
KCIBSPO22N000000224,시옷서점,독립서점,문학,63569,제주특별자치도 서귀포시 막동산로 19,33.25637191,126.5239412,14:00,17:00,,,,,,,"토요일, 일요일 휴무",050714082592,제주도에 있는 시집 전문 서점,"주차 가능, 독립출판물 있음, 리뷰 있음"
KCIBSPO22N000000225,책방무사,독립서점,일반,63630,제주특별자치도 서귀포시 성산읍 수시로10번길 3,33.44612526,126.8866205,12:00,18:00,12:00,18:00,12:00,18:00,,,수요일 휴무,01065846571,"조용한 공간에 서적과 굿즈,디퓨저등 소품도 판매",
KCIBSPO22N000000226,사계리 서점,독립서점,문학,63528,제주 서귀포시 안덕면 사계로114번길 54-58 1층,33.24026669,126.3003237,11:00,17:30,11:00,17:30,11:00,17:30,,,월요일 정기휴무,07076552118,"추리소설, SF 소설 등의 장르 소설류만 구비'",리뷰 있음
KCIBSPO22N000000227,북살롱이마고 제주아카이브센터,독립서점,일반,63625,제주특별자치도 서귀포시 표선면 세화강왓로 78,33.32504828,126.7952514,11:00,18:00,11:00,18:00,11:00,18:00,,,수요일 휴무,0647873282,"인문서,여행서,디자인,예술서,생태관련책, 등 카페와 북스테이 함께 운영하는 복합문화공간","화장실 남녀 구분, 카페 있음, 공간대여 가능, 독립출판물 있음, 독서모임 가능, 강연 가능, 리뷰 있음"
KCIBSPO22N000000228,그건그렇고,독립서점,북스테이,63534,제주 서귀포시 상예로 224,33.26519,126.39389,12:00,19:00,12:00,19:00,12:00,19:00,,,"수요일, 목요일 휴무",050713118780,서귀포 중문 작은 책방,
KCIBSPO22N000000229,아무튼책방,독립서점,인문서적,63246,제주특별자치도 제주시 간월동로 12 1층,33.48539019,126.5438509,13:00,18:00,13:00,18:00,,,,,"일요일, 월요일 정기휴무",0647222654,인문학 + 블라인드 북 + 헌책 + 독립출판물 판매 간드락 게스트 하우스랑 같이 운영하는 책방,"주차 가능, 화장실 남녀 구분, 독립출판물 있음, 독서모임 가능, 강연 가능, 리뷰 있음"
KCIBSPO22N000000230,언제라도,독립서점,일반,63363,제주특별자치도 제주시 구좌읍 문주란로5길 34-2,33.52044691,126.8875548,13:00,16:00,13:00,16:00,13:00,16:00,,,"월요일,화요일,수요일, 목요일 휴무",050714121087,직접 제작한 독립출판물 및 타 작가들의 작품도 볼 수 있는 시골집책방,리뷰 있음
KCIBSPO22N000000231,삼춘책방,독립서점,문학,63362,제주특별자치도 제주시 구좌읍 상하도길 46-12,33.51688343,126.8665531,10:00,22:00,,,,,,,휴무 인스타로 공지,01035916896,"소설과 에세이,그림책과 시집, 독립출판물,잡지,엽서 판매하는 조그마한 동네책방","주차 가능, 화장실 남녀 구분, 독립출판물 있음, 독서모임 가능, 강연 가능, 리뷰 있음"
KCIBSPO22N000000232,제주풀무질,독립서점,인문서적,63361,제주특별자치도 제주시 구좌읍 세화11길 8,33.52156634,126.8609766,11:00,18:00,11:00,18:00,11:00,18:00,,,수요일 휴무,0647826917,"인문학 고전, 문학 일반, 독립출판물을 주로 취급,개인 작가님들이 다품종 소량생산하는 수공예품도 전시, 판매","주차 가능, 화장실 남녀 구분, 리뷰 있음"
KCIBSPO22N000000233,독립서점북덕북덕,독립서점,일반,63355,제주특별자치도 제주시 구좌읍 송당6길 38-1 제2동,33.46827691,126.7837806,12:00,18:00,12:00,18:00,12:00,18:00,,,,01062543040,"입장료1만원,사전예약제, 음료서비스 선택1,무료제공 간식서비스","화장실 남녀 구분, 독립출판물 있음, 리뷰 있음"
KCIBSPO22N000000234,소심한책방,독립서점,일반,63364,제주특별자치도 제주시 구좌읍 종달동길 29-6,33.49147657,126.9030648,10:00,18:00,10:00,18:00,10:00,18:00,,,휴무 인스타로 공지,07081470848,"소설, 에세이, 인문, 여행, 독립출판물, 제주 문구 등 편애로 채워진 책과 소품","독립출판물 있음, 리뷰 있음"
KCIBSPO22N000000235,웃한책방,독립서점,일반,63364,제주특별자치도 제주시 구좌읍 종달로1길 38-24,33.4950433,126.8999225,,,,,,,,,,,"뜬금없는 만화,책방,소품","독립출판물 있음, 리뷰 있음"
KCIBSPO22N000000236,책약방,독립서점,일반,63364,제주특별자치도 제주시 구좌읍 종달로5길 11,33.49301721,126.8975716,0:00,24:00:00,0:00,24:00:00,0:00,24:00:00,0:00,24:00:00,,050713742031,따듯한 느낌의 동네 책방,"화장실 있음, 독립출판물 있음, 리뷰 있음"
KCIBSPO22N000000237,책가방,독립서점,일반,63265,제주특별자치도 제주시 동문로14길 11,33.51253788,126.5333951,13:00,18:00,13:00,18:00,12:00,16:00,,,월요일 휴무,050713576787,전시와 문화생활을 함께 할 수 있는 분위기 있는 동네책방,"카페 있음, 리뷰 있음"
KCIBSPO22N000000238,딜다책방,독립서점,일반,63194,"제주특별자치도 제주시 삼성로1길 1 , 1층",33.50542417,126.5272239,10:00,18:00,10:00,18:00,10:00,18:00,,,,0647234441,개인적인 감성과 감정을 대중들과 공유하고 재생산 과정을 통해 새로운 컨텐츠를 양산하고자 설립된 문화예술컨텐츠 기획사,"카페 있음, 독립출판물 있음, 리뷰 있음"
KCIBSPO22N000000239,나이롱책방,독립서점,중고서적,63168,제주 제주시 관덕로8길 17 2층,33.51267,126.52354,12:00,19:00,12:00,19:00,12:00,19:00,,,"수요일, 목요일, 공휴일 휴무",01020688984,"독립출판물,중고책,셀렉션북을 판매하는 작은서점","독립출판물 있음, 리뷰 있음"
KCIBSPO22N000000240,몽캐는책고팡,독립서점,일반,63036,"제주특별자치도 제주시 애월읍 고하상로 125-1 순여네국수, 하가1476 맞은 편 초록지붕",33.45552014,126.3491465,13:30,21:30,13:30,21:30,,,,,"화, 수, 목,일 정기휴무",050713620879,제주 전통가옥에 있는 작은 책방,리뷰 있음
KCIBSPO22N000000241,보배책방,독립서점,인문서적,63035,제주 제주시 애월읍 납읍로2길 15-1 단독건물,33.439446,126.32878,,,,,,,,,,050713276672,인문교양도서 위주의 독립서점,리뷰 있음
KCIBSPO22N000000242,밤수지맨드라미 책방,독립서점,일반,63365,제주특별자치도 제주시 우도면 우도해안길 530,33.52071739,126.9484813,10:00,17:00,10:00,17:00,10:00,17:00,,,비정기 휴무/ 휴무관련 인스타 확인,01074052324,"우도에 있는 작은책방, 아기자기한 소품도 있음","독립출판물 있음, 리뷰 있음"
KCIBSPO22N000000243,북스페이스 곰곰,독립서점,아동도서,63076,제주특별자치도 제주시 우평로 45-1 바인빌딩 1층 101호,33.47906312,126.4612042,12:00,19:00,12:00,19:00,,,,,일요일 정기휴무,01051057433,"어린이 도서카페, 단행본, 그림책판매, 카페와 공간대여 운영","주차 가능, 리뷰 있음"
KCIBSPO22N000000244,사슴책방,독립서점,디자인서적,63343,제주특별자치도 제주시 조천읍 중산간동로 698-71,33.49579533,126.6581245,12:00,18:00,12:00,18:00,12:00,18:00,,,"월,화,수,목 정기휴무",01074029077,"국내외 그림책, 아트북, 그래픽노블, 디자인북, 드로잉북 등 시각 예술 서적 위주의 작품","주차 가능, 화장실 남녀 구분, 카페 있음, 공간대여 가능, 독립출판물 있음, 독서모임 가능, 강연 가능, 리뷰 있음"
KCIBSPO22N000000245,오줌폭탄,독립서점,아동도서,63333,제주특별자치도 제주시 조천읍 함덕5길 8-23,33.54443548,126.6605182,13:00,17:00,13:00,17:00,13:00,17:00,,,,050714043795,아동동시전문 서점,"주차 가능, 독립출판물 있음, 리뷰 있음"
KCIBSPO22N000000246,만춘서점,독립서점,일반,63333,제주특별자치도 제주시 조천읍 함덕로 9,33.54075398,126.6733418,11:00,18:00,11:00,18:00,11:00,18:00,,,연중무휴,0647846137,"서적,음반,lp등 독립서적과 일반서적도 판매","독립출판물 있음, 헌책방 있음, 리뷰 있음"
KCIBSPO22N000000247,무명서점,독립서점,일반,63008,제주특별자치도 제주시 한경면 고산로 26 유명제과 2층,33.30333223,126.1796981,13:00,18:00,13:00,18:00,,,,,"월요일, 화요일, 일요일 정기휴무",050713333136,"책을 시, 사랑, 정치, 자연 4가지 주제로 재배열하고, 새책이었던 헌책과 헌책이 될 새책이 공존하는 책방","주차 가능, 독립출판물 있음, 강연 가능"
KCIBSPO22N000000248,북스토어 아베끄,독립서점,일반,63010,제주특별자치도 제주시 한림읍 금능9길 1-1 밖거리,33.38867297,126.2296296,10:00,19:00,10:00,19:00,10:00,19:00,,,"수요일 휴무, 인스타그램에 임시휴일 별도 공지",050714241609,"사랑과 연애, 힐링을 테마로 하고 있는 작은 책방","주차 가능, 독립출판물 있음, 리뷰 있음"
KCIBSPO22N000000249,책방 소리소문,독립서점,일반,63005,제주 제주시 한경면 저지동길 8-31,33.3321,126.26057,11:00,18:00,11:00,18:00,11:00,18:00,,,"화, 수 정기 휴무",050713207461,블라인드북과 필사를 할 수 있는 공간 마련,"주차 가능, 리뷰 있음"
KCIBSPO22N000000250,가가책방,독립서점,일반,32549,충청남도 공주시 당간지주길 10,36.45186318,127.1218525,10:00,21:00,10:00,21:00,10:00,21:00,,,,01094034982,24시간 무인 이용 가능. 책방지기가 직접 DIY로 만든 책공간,"주차 가능, 화장실 남녀 구분, 독립출판물 있음, 리뷰 있음"
KCIBSPO22N000000251,호미책방,독립서점,인문서적,32967,충청남도 논산시 중앙로492번길 9-43,36.20702423,127.0834453,11:30,19:00,,,,,,,,01029333467,논산에서 유일하게 독립출판물을 선보이고 있습니다.,"주차 가능, 독립출판물 있음, 리뷰 있음"
KCIBSPO22N000000252,한선예의꿈꾸는이야기,독립서점,일반,31741,충청남도 당진시 신평면 신평로 812-100,36.88508126,126.7737097,19:00,22:00,13:00,22:00,13:00,22:00,,,,0413622830,예약제로 시간별 예약제 운영. 그림책 등,"독립출판물 있음, 리뷰 있음"
KCIBSPO22N000000253,책방 세간,독립서점,북카페,33124,충청남도 부여군 규암면 자온로 82 책방 세:간,36.2737513,126.8888083,12:00,19:00,12:00,19:00,12:00,19:00,12:00,19:00,,0418348205,"독립서점, 북카페",리뷰 있음
KCIBSPO22N000000254,책방허송세월,독립서점,일반,31144,충청남도 천안시 동남구 대흥로 207 1층,36.80672191,127.1469018,11:00,20:00,11:00,21:00,11:00,20:00,,,월요일,01084109160,"일반서적, 중고서적, 독립서적 등 책방지기의 취향에 맞는 책 골라 판매",리뷰 있음
KCIBSPO22N000000255,취향,독립서점,일반,31123,충청남도 천안시 동남구 먹거리8길 11 1층,36.81730979,127.1542553,12:00,21:00,12:00,21:00,12:00,21:00,,,월요일,01058511225,독립출판물 주로 취급,"독립출판물 있음, 리뷰 있음"
KCIBSPO22N000000256,인생책방,독립서점,일반,31134,충청남도 천안시 서북구 서부3길 67,36.82453158,127.1405651,15:30,19:00,,,11:00,19:00,,,토요일,01077488900,도서와 음료를 판매하고 다양한 독서모임이 진행되는 책방,"독립출판물 있음, 헌책방 있음"
KCIBSPO22N000000257,심심한책방,독립서점,그림책,27222,충청북도 제천시 덕산면 신현3길 27,36.9318124,128.1428765,11:00,19:00,11:00,19:00,11:00,19:00,,,,01053912024,"월악산 아래 심심산골에 위치한 그림책, 만화책 큐레이팅책방","독립출판물 있음, 리뷰 있음"
KCIBSPO22N000000258,달꽃 책방 카페,독립서점,북카페,28545,충청북도 청주시 상당구 상당로115번길 61 2층,36.63832162,127.4865863,10:00,22:00,10:00,22:00,10:00,22:00,,,,0432222213,독립서점 겸 카페,"공간대여 가능, 독립출판물 있음, 북토크 가능, 독서모임 가능"
KCIBSPO22N000000259,앨리스의별별책방,독립서점,인문서적,28417,충청북도 청주시 흥덕구 짐대로42번길 26,36.63252997,127.4262576,14:00,22:00,13:00,19:00,13:00,19:00,,,화요일,07088487578,임상심리사인 앨리스가 운영하는 심리전문서점,"독립출판물 있음, 리뷰 있음"
KCIBSPO22N000000260,노벰버레인,독립서점,북카페,61188,광주 북구 면앙로6번길 61 노벰버레인,35.17764,126.91355,12:00,21:00,13:00,20:00,,,,,일요일 휴무,050713781128,"서점, 소품샵, 카페, 체험공방을 한 곳에서 만날 수 있는 복합문화공간","주차 가능, 화장실 남녀 구분, 카페 있음, 리뷰 있음"
KCIBSPO22N000000261,치읓의자리,독립서점,북카페,61197,광주 북구 서방로159번길 47 1층,35.17138,126.93056,11:00,20:00,11:00,20:00,11:00,20:00,,,화요일 휴무,050713469038,책과 음료를 즐길 수 있는 독립서점,"주차 가능, 리뷰 있음"
KCIBSPO22N000000262,서점,독립서점,일반,61979,광주 서구 화운로156번길 12-1 1층,35.15285,126.878,19:00,22:00,,,,,,,"월,화,수,목,토,일 휴무",050713869502,"묘한 서점書占 고양이, 책, 타로상담.","독립출판물 있음, 리뷰 있음"
KCIBSPO22N000000263,오래서점,독립서점,일반,46726,부산 강서구 명지국제3로 97 삼정그린코아더베스트 상가 1층 D111호,35.0976053,128.9110169,11:00,19:00,10:00,14:00,,,,,일요일 휴무,050713499138,서점 영업시간 외 시간은 독서모임 및 문화행사를 위한 단독 대관,"주차 가능, 화장실 남녀 구분, 리뷰 있음"
KCIBSPO22N000000264,당신의 책갈피,독립서점,일반,48512,부산 남구 수영로334번길 32-1 1층 안쪽,35.1369531,129.1028575,11:00,20:00,11:00,20:00,11:00,20:00,,,,01084653450,"문화골목 안의 작은 서점 '당신의 책갈피'입니다. 심야책방, 북토크, 독서모임 등 다양한 행사가 진행됩니다.","독립출판물 있음, 독서모임 가능, 리뷰 있음"
KCIBSPO22N000000265,이루카팩방,독립서점,일반,48730,부산 동구 중앙대로296번길 3-3,35.1231104,129.044568,9:00,18:00,,,,,,,"토, 일 휴무:",050713544654,소설을 좋아하시는분 책을 읽고 싶어하시는 누구에게나 열려 있는 공간,"주차 가능, 카페 있음, 독립출판물 있음, 리뷰 있음"
KCIBSPO22N000000266,스테레오북스,독립서점,북카페,47900,부산 동래구 온천천로453번길 14 2층,35.1918998,129.1030286,11:00,22:00,11:00,22:00,11:00,18:00,,,,050714941020,부산 동래구 안락동의 음악이 있는 책,"주차 가능, 리뷰 있음"
KCIBSPO22N000000267,이책저책,독립서점,일반,47242,부산 부산진구 서전로47번길 40 이책저책,35.1595932,129.0648788,14:00,20:00,14:00,20:00,14:00,20:00,,,,01041596884,두권의 책을 팔아요,
KCIBSPO22N000000268,다대포예술기지,독립서점,북카페,49494,부산 사하구 윤공단로 12 2층. 다대포예술기지,35.0548052,128.9693091,13:00,19:00,13:00,21:00,13:00,21:00,,,"화요일, 수요일 휴무. 월요일 10시 오픈",01032113946,북카페겸 독서모임을 할 수 있는 공간,"공간대여 가능, 독립출판물 있음, 독서모임 가능"
KCIBSPO22N000000269,다가치사랑방 비콘점,독립서점,일반,48231,부산 수영구 망미번영로 69-1 쇼핑그라운드2 101호,35.1738567,129.110645,12:00,18:00,12:00,18:00,12:00,18:00,,,4째주 월요일 휴무,050714870411,,"주차 가능, 화장실 남녀 구분"
KCIBSPO22N000000270,오늘의 서재,독립서점,일반,47534,부산 연제구 해맞이로 63 2층,35.1800166,129.0681753,12:00,20:00,12:00,18:00,12:00,18:00,,,화요일 휴무,,"한국 에세이, 소설 중심 문학서점/ 책방주인이 읽고 소개하고 싶은 책을 주로 판매합니다.","화장실 남녀 구분, 카페 있음"
KCIBSPO22N000000271,나요기,독립서점,일반,49035,부산 영도구 태종로95번길 40 1층,35.0932758,129.0422901,11:00,19:00,11:00,17:00,,,,,"일요일, 월요일 휴무",050713140451,조용히 책 읽고 갈 수 있는 작은 무인 서점,"카페 있음, 독립출판물 있음, 북토크 가능, 독서모임 가능, 강연 가능"
KCIBSPO22N000000272,산아래책방,독립서점,일반,58726,전남 목포시 차범석길23번길 15 1층,34.79354,126.37862,13:00,20:00,13:00,,,,,,"월요일, 일요일 휴무",01041163915,여행다니며 들고 다니기 좋은 책들을 파는 서점,독립출판물 있음
KCIBSPO22N000000273,퐁당퐁당,독립서점,일반,58650,전남 목포시 동부로 4 2층,34.80444,126.39533,13:00,17:00,,,,,,,"월요일, 목요일, 주말 휴무",050713358060,,"카페 있음, 독서모임 가능"
KCIBSPO22N000000274,고호의책방,독립서점,일반,58728,전남 목포시 영산로75번길 12,34.79016,126.38456,10:00,19:30,10:00,19:30,10:00,19:30,,,월요일 휴무,01077432046,독특한 책이 많은 책방,주차 가능
KCIBSPO22N000000275,책마당,독립서점,북카페,58557,전남 무안군 청계면 복길로 131,34.90186,126.40629,9:00,21:00,9:00,21:00,9:00,21:00,,,,050713459141,자연과 풍경을 공유하고 책과 감성으로 인생을 소통합니다.,"주차 가능, 카페 있음, 리뷰 있음"
KCIBSPO22N000000276,책속의 길 책방,독립서점,일반,58568,전남 무안군 삼향읍 남악5로60번길 31-8,34.8105,126.4748,10:00,19:00,10:00,19:00,,,,,,050714034535,,"화장실 남녀구분, 카페 있음"
KCIBSPO22N000000277,낯가리는 책방,독립서점,북카페,59743,전남 여수시 공화남1길 11 1층 왼쪽,34.7452,127.7439,12:00,18:00,12:00,18:00,12:00,18:00,,,수요일 휴무,050713756548,"시,소설,에세이를 취급하고 있는 마을책방입니다. 커피와 음료도 드실 수 있습니다.","주차 가능, 화장실 남녀 구분, 카페 있음, 리뷰 있음"
KCIBSPO22N000000278,완도살롱,독립서점,칵테일바,59120,전남 완도군 완도읍 장보고대로248번길 48 1층 완도살롱,34.31467,126.75487,20:00,1:00,20:00,1:00,,,,,"일요일, 월요일 휴무",050713053218,"주류와 비주류가 공존하는 곳.완도살롱은 서점과 문구점이 거쳐 간 공간에 자리 잡고 지역민과 여행자, 이방인 그리고 여러분을 기다리고 있습니다.","카페 있음, 리뷰 있음"
KCIBSPO22N000000279,세모책방,독립서점,일반,57245,전남 장성군 진원면 상림길 26,35.27311,126.86006,10:00,17:00,10:00,14:00,,,,,"일요일, 월요일 휴무",0613945459,"작가가 운영하는 세모책방은 독립작가들의 창의적인 작품, 마음의 치유와 회복에 도움을 주는 책들, 그리고 청소년들을 위한 고전류를 보급하는 독립서점","주차 가능, 화장실 남녀 구분, 리뷰 있음"
KCIBSPO22N000000280,플리커책방,독립서점,일반,55348,전북 완주군 소양면 송광수만로 500,35.9040036,127.2428363,12:00,18:30,12:00,18:30,12:00,18:30,,,"월, 화 휴무",050713496223,북토크가 가능한 독립서점,"주차 가능, 북토크 가능, 리뷰 있음"
KCIBSPO22N000000281,버틀러북스토어,독립서점,일반,54023,전북 군산시 동국사길 4,35.9839174,126.7082668,,,,,,,,,,01042055399,"책과 커피, 고양이가 있는 독립서점","북토크 가능, 독서모임 가능, 리뷰 있음"
KCIBSPO22N000000282,하늘책방,독립서점,일반,54021,전북 군산시 구영5길 100,35.9883917,126.710323,,,,,,,,,,01046584678,"1층은 서점, 2,3층은 게스트하우스","주차 가능, 리뷰 있음"
KCIBSPO22N000000283,리루서점,독립서점,일반,54034,전북 군산시 구암3.1로 116 (경암동),35.9813487,126.7319049,11:00,18:00,11:00,18:00,11:00,18:00,,,월요일 휴무,050713107091,군산 경암동 철길마을에 있는 작은 독립서점,리뷰 있음
KCIBSPO22N000000284,도보책방,독립서점,일반,55715,"전북 남원시 인월면 인월장터로 6 1층, 도보책방",35.4603181,127.6019891,11:00,18:00,11:00,18:00,11:00,18:00,,,화요일 휴무,050713521426,지리산을 가까이 둔 동네책방으로 지리산둘레길 3코스 시작점인 인월에 위치,리뷰 있음
KCIBSPO22N000000285,블루본즈 1호점,독립서점,북카페,54647,전북 익산시 동서로5길 116 2층 블루본즈 카페,35.9600667,126.960232,12:00,21:00,12:00,21:00,12:00,21:00,,,,01099308129,사색 할 수 있는공간,"카페 있음, 독립출판물 있음, 독서모임 가능, 리뷰 있음"
KCIBSPO22N000000286,작은새책방,독립서점,북카페,56192,전북 정읍시 학산로 51-1,35.5622527,126.8703337,10:00,18:00,10:00,18:00,,,,,"일, 월 휴무",050713992351,,"주차 가능, 화장실 남녀 구분"
KCIBSPO22N000000287,유화당,독립서점,일반,63595,제주 서귀포시 태평로 409-2,33.24551,126.56398,10:00,21:00,10:00,21:00,,,,,"월요일 12:00~21:00, 일요일 휴무",01064715880,,리뷰 있음
KCIBSPO22N000000288,푸근한곰아저씨,독립서점,일반,63617,제주 서귀포시 남원읍 태신해안로 125 2층,33.30086,126.77074,11:00,17:00,11:00,17:00,11:00,17:00,,,,050714951035,한적한 어촌 마을 느린 시간이 흐르는 책방 입니다,리뷰 있음
KCIBSPO22N000000289,북다마스,독립서점,일반,63522,제주 서귀포시 안덕면 서광동로25번길 13 버터행성706,33.28846,126.32976,10:00,22:00,10:00,22:00,10:00,22:00,,,,050713149448,다마스 차량이 아닌 버터행성706 카페 한 켠에서 운영하는 숍인숍 책방,"주차 가능, 리뷰 있음"
KCIBSPO22N000000290,캔디책방,독립서점,만화책,63634,제주 서귀포시 성산읍 일주동로 5210 캔디책방,33.37322,126.87063,10:00,18:00,10:00,18:00,,,,,일요일 휴무,0647878291,"책을 통한 마음치료인 독심술, 무비세라피, 미라클모닝 등 다양한 프로그램을 공유","주차 가능, 카페 있음, 리뷰 있음"
KCIBSPO22N000000291,시간이머무는책방,독립서점,중고서적,63634,제주 서귀포시 성산읍 환해장성로 65,33.37889,126.87968,10:00,18:00,10:00,18:00,,,,,일요일 휴무,050713393020,"바０×?위치한 소중한 책, 아름다운책, 귀한책을 품고있는 작은 책방","주차 가능, 헌책방 있음, 리뷰 있음"
KCIBSPO22N000000292,이후북스 제주점,독립서점,일반,63168,제주 제주시 관덕로4길 3,33.51274,126.52152,12:00,18:00,12:00,18:00,12:00,18:00,12:00,18:00,,01030228520,"감성 에세이, 그림엽서가 많은 책방","주차 가능, 카페 있음, 리뷰 있음"
KCIBSPO22N000000293,애월책방 이다,독립서점,일반,63046,제주 제주시 애월읍 고내북동길 15 1층,33.4666,126.34029,10:30,18:30,10:30,18:30,10:30,18:30,,,"월,화 정기휴무",050713429728,분위기 좋은 책방,리뷰 있음
KCIBSPO22N000000294,책방작은숲,독립서점,북카페,63186,제주 제주시 서사로21길 4 책방작은숲,33.49915,126.51956,12:00,18:00,12:00,18:00,12:00,21:00,,,수요일 정기휴무,050713680792,책도 읽고 와인도 마실 수 있는 따뜻한 공간,리뷰 있음
KCIBSPO22N000000295,책은선물,독립서점,일반,63002,제주 제주시 한경면 신창5길 5 돌창고(깃발 걸린 곳),33.34898,126.18119,13:00,18:00,13:00,18:00,13:00,18:00,,,"수요일, 목요일 정기휴무, 임시휴무는 플레이스 공지 참고",01048665738,작지만 매력있는 책이 많은 무명책방,리뷰 있음
KCIBSPO22N000000296,귤다방,독립서점,북카페,63343,제주 제주시 조천읍 곱은달서길 115,33.50508,126.66496,10:00,18:00,10:00,18:00,10:00,18:00,,,월요일 정기휴무,050713955425,"감귤밭 작은 책방, 어린이 감귤체험 농장","주차 가능, 화장실 남녀 구분, 리뷰 있음"
KCIBSPO22N000000297,괄호,독립서점,중고서적,63338,제주 제주시 조천읍 신촌서5길 91 초록지붕,33.53585,126.61485,0:00,0:00,0:00,0:00,0:00,0:00,0:00,0:00,,050714916626,무인으로 운영되는 헌 책방,"주차 가능, 북토크 가능, 리뷰 있음"
KCIBSPO22N000000298,숨쉬는오늘,독립서점,그림책,63055,제주 제주시 애월읍 장유길 44,33.44963,126.39595,10:00,20:00,10:00,20:00,10:00,20:00,,,,050713514855,"어른들을 위한 그림 책방. 요가와 명상, 마음안아주기, 그림책과 감정, 아로마 테라피가 가능한 책방","주차 가능, 리뷰 있음"
KCIBSPO22N000000299,그레이 라이브러리,독립서점,북카페,63234,제주 제주시 도남로 168-15 1층,33.48703,126.531,12:00,21:00,12:00,21:00,12:00,21:00,,,,050713470359,밤비노 하우스 안에 있는 편집서점,"주차 가능, 리뷰 있음"
KCIBSPO22N000000300,조이엔영,독립서점,독립서점,03130,서울특별시 종로구 종로 183 효성주얼리시티 지하2층 S2016,37.5714905,126.9986831,9:00,21:00,9:00,21:00,9:00,21:00,,,,050713209819,"스마트책방, 문자 예약후 QR인증후 상시 입장가능","주차 가능, 화장실 남녀 구분, 리뷰 있음"
KCIBSPO22N000000301,서향관,독립서점,일반,04549,서울특별시 중구 을지로20길 32-3 203호,37.5649824,126.9951933,12:00,23:00,12:00,23:00,12:00,23:00,,,,01023090619,"글과 향, 영화를 좋아하는 모든 분들에게 열려 있 는 곳",리뷰 있음
KCIBSPO22N000000302,소수책방,독립서점,일반,04591,서울특별시 중구 다산로20길 26 2층,37.5568115,127.0135364,14:00,22:00,14:00,22:00,14:00,22:00,,,"월요일, 화요일",050713032439,"단편소설,시집, 예술, 미학, 철학, 독립서적, 포스터, LP, 생맥주,와인,독립책방,심야서점,심야책방","주차 가능, 카페 있음, 리뷰 있음"
KCIBSPO22N000000303,픽셀 퍼 인치,독립서점,일반,04382,서울특별시 용산구 한강대로54길 7 301호,37.5328504,126.9720566,13:00,19:00,13:00,19:00,13:00,19:00,,,월요일,01085897403,"Books, goods, film and more","카페 있음, 리뷰 있음"
KCIBSPO22N000000304,트립북앤스페이스,독립서점,여행서적,04778,서울특별시 성동구 왕십리로 92 4층,37.5457259,127.0449837,13:00,18:00,13:00,18:00,13:00,18:00,,,"월, 화, 수, 목",01026547959,TLIB BOOK & SPACE는 관광학 교수와 전공자 들이 운영하는 여행전문서점입니다.,리뷰 있음
KCIBSPO22N000000305,쎄임더스트,독립서점,사진서적,04782,서울특별시 성동구 성수일로 44-1 2층,37.5442984,127.0500943,12:00,20:00,12:00,20:00,12:00,20:00,,,월요일,07079541217,쎄임더스트는 서울 성수동에 위치한 사진 전문 출판사와 서점 입니다.,리뷰 있음
KCIBSPO22N000000306,서점로티,독립서점,일반,04942,서울특별시 광진구 용마산로 88-7 1층,37.5615809,127.0878609,,,,,,,,,,050714411221,소설전문서점 로티입니다! 소설가가 운영합니다!,"주차 가능, 리뷰 있음"
KCIBSPO22N000000307,아니마 아니무스,독립서점,북카페,05028,서울특별시 광진구 아차산로39길 8 1층,37.5386479,127.0772436,10:00,20:00,10:00,20:00,,,,,일요일,01089682635,"커피와 음료, 간단한 디저트가 마련되어 있습니다.,책을 읽고 턴테이블로 흘러나오는 음악을 즐겨요.","주차 가능, 카페 있음, 리뷰 있음"
KCIBSPO22N000000308,무아레 서점,독립서점,일반,02644,서울특별시 동대문구 천호대로89길 9 2층,37.5622641,127.0680444,12:00,19:00,12:00,19:00,12:00,19:00,,,,050713077656,무아레 서점은 집/동네/도시 등 '생활 기반 공간'을 다루는 서점,"주차 가능, 헌책방 있음, 리뷰 있음"
KCIBSPO22N000000309,성북동책방,독립서점,일반,02832,서울특별시 성북구 동소문로13가길 36 성북동책방,37.591391,127.0111099,,,,,,,,,,,,리뷰 있음
KCIBSPO22N000000310,외식서당,독립서점,일반,02833,서울특별시 성북구 동소문로3길 68,37.5909079,127.0082968,13:00,18:00,,,,,,,주말,050714942333,외식서당은 외식과 고기를 좋아하는 사람들이 모 여 만든 작은 독립서점입니다,주차 가능
KCIBSPO22N000000311,노드메이트,독립서점,일반,02864,서울특별시 성북구 삼선교로16길 16-3,37.5874469,127.0103242,11:00,19:00,11:00,19:00,,,,,일요일,050714251324,모임공간/회의실/세미나실/다목적홀/공연장/촬영 스튜디오/전시공간 대관 및 시각예술품 감상과 구매,"카페 있음, 리뷰 있음"
KCIBSPO22N000000312,책방봄,독립서점,일반,01693,서울특별시 노원구 상계로3길 38-8 3층,37.6579597,127.0630528,12:00,20:00,12:00,20:00,12:00,20:00,,,월요일,029315601,문학전문서점(독립서점) 책방 봄입니다.,"주차 가능, 화장실 남녀 구분, 리뷰 있음"
KCIBSPO22N000000313,모즈나,독립서점,북카페,04106,서울특별시 마포구 고산16길 9 1층,37.55408,126.9448,13:00,20:00,14:00,20:00,14:00,20:00,,,월요일 휴무. 휴무일 인스타그램 게시글 참조,01027151468,"독립서점 겸 카페, 제로웨이스트숍",주차 가능 카페 있음 리뷰 있음
KCIBSPO22N000000314,책방 연희,독립서점,일반,04052,서울특별시 마포구 와우산로35길 3 B1F,37.55544,126.9302,12:00,18:00,12:00,18:00,12:00,18:00,,,"월,화,수 휴무",050714295502,"책방 연희는 책, 연희(演?, a play)하다의 줄임말 로 말과 글, 동작으로 책과 도시를 이야기하는 공 간입니다.",리뷰 있음
KCIBSPO22N000000315,책익다,독립서점,일반,04053,서울특별시 마포구 와우산로29마길 10-3 2층,37.55565,126.9264,19:00,23:00,15:00,23:00,15:00,23:00,,,월요일 화요일 휴무,050713910315,책을 읽고 술이 익고 사람이 있는 곳',"주차 가능, 리뷰 있음"
KCIBSPO22N000000316,조은이책,독립서점,일반,03947,서울특별시 마포구 월드컵북로27길 6,37.56725,126.9092,13:00,20:00,13:00,20:00,,,,,일요일 휴무,07076176949,마포구 성산동 동네책방.,"주차 가능, 리뷰 있음"
KCIBSPO22N000000317,책방 사춘기,독립서점,일반,03999,서울특별시 마포구 월드컵북로9길 30,37.55876,126.9157,12:00,19:00,12:00,19:00,12:00,19:00,,,"영업일, 영업시간 인스타그램 참고",050714430086,어린이청소년문학서점.,"주차 가능, 화장실 남녀 구분, 리뷰 있음"
KCIBSPO22N000000318,고양의순간,독립서점,일반,07692,서울특별시 강서구 우장산로4길 83 1층,37.5509033,126.8384934,12:00,18:00,,,,,,,주말 휴무,050713298362,,"카페 있음, 공간대여 가능, 강연 가능, 리뷰 있음"
KCIBSPO22N000000319,홈통,독립서점,일반,08613,서울특별시 금천구 시흥대로73길 11 무지개상가 309호,37.4562021,126.8984627,11:00,18:00,11:00,18:00,11:00,18:00,,,"수요일, 목요일",050713803253,만화도서관,"주차 가능, 화장실 남녀 구분, 리뷰 있음"
KCIBSPO22N000000320,새고서림,독립서점,일반,07267,서울특별시 영등포구 영신로39길 8-1 201호,37.5216984,126.9003513,13:00,20:00,13:00,20:00,13:00,20:00,,,월요일 휴무,050714412125,다양한 형태의 책과 솔직담백한 도서가 가득한 공간입니다.,리뷰 있음
KCIBSPO22N000000321,다정한 책방,독립서점,북카페,07016,서울특별시 동작구 동작대로9가길 32 1층 다정한 책방,37.4796676,126.97793,13:00,21:00,13:00,21:00,12:00,19:30,,,"월, 화 휴무",0269521025,"책과 함께하는 문화공간, 다정한 책방","공간대여 가능, 리뷰 있음"
KCIBSPO22N000000322,관객의취향,독립서점,북카페,08737,서울특별시 관악구 관악로 204 3층 301호,37.482975,126.9543101,15:00,21:00,13:00,19:00,13:00,19:00,,,명절 휴무,050714602058,"영화관련 도서와 큐레이션 된 도서를 판매하는 작은 책방이자, 케이크와 커피를 팝니다.",리뷰 있음
KCIBSPO22N000000323,내일도 책방,독립서점,일반,06764,서울특별시 서초구 태봉로2길 10 제상가동 2층 203호,37.4617505,127.0232419,,,,,,,,,,,,
KCIBSPO22N000000324,하우스북스 채널씨,독립서점,일반,05561,서울특별시 송파구 백제고분로9길 5,37.5093918,127.0796738,11:00,19:00,11:00,19:00,11:00,19:00,,,,0260006675,하우스북스는 하우스서울(HOWS)의 발견의 공간인 독립서점입니다.,"화장실 남녀 구분, 카페 있음, 리뷰 있음"
KCIBSPO22N000000325,요즘서재,독립서점,일반,05728,서울특별시 송파구 동남로23길 40-11 1층 코너,37.503156,127.1344458,7:00,0:00,7:00,0:00,7:00,0:00,,,,050713361637,도심 한 가운데서 차분한 시간을 공유할 수 있는 곳,"주차 가능, 화장실 남녀 구분, 카페 있음, 공간대여 가능, 리뷰 있음"
KCIBSPO22N000000326,북커뮤니티 비움과 채움,독립서점,일반,30130,세종특별자치시 누리로 28 B상가동 1층 한솔중학교 농구코트 부근입니다.,36.4759566,127.2535693,10:00,19:00,,,,,,,,050713196516,"책을 사고파는 서점에서 더 나아가,책에 담긴 이야기, 책과 연결된 나만의 이야기를 주고 받는 북커뮤니티입니다.","주차 가능, 카페 있음, 공간대여 가능, 독서모임 가능, 리뷰 있음"
KCIBSPO22N000000327,행복스러움 그곳,독립서점,일반,30064,세종특별자치시 달빛로 16 가재마을 8단지,36.4999994,127.2504251,11:00,19:00,11:00,19:00,,,,,일요일,050714047472,세종시 독립서점 행복스러움 그곳입니다. 많은 관심 부탁드립니다^^ 독립출간물 관련 문의 받습니다.,독립출판물 있음
