FCLTY_NM,RDNMADR_NM,CTPRVN_CD,SIGNGU_CD,FCLTY_LO,FCLTY_LA,AREA_NM,NEARBY_PBTRNSP_NM,PARKNG_POSBL_AT,BASE_DE
강릉병산옹심이골목,강원도 강릉시 병산동,42,42150,128.944649,37.759655,강원,자루뫼,유,20211231
아바이순대타운,강원도 속초시 금호동 492-51,42,42210,128.589145,38.204664,강원,관광수산시장,유,20211231
학사평콩꽃마을순두부촌,강원도 속초시 노학동,42,42210,128.529887,38.190603,강원,원암로입구,유,20211231
대포항원조튀김골목,강원도 속초시 대포동,42,42210,128.599662,38.174195,강원,대포항입구,유,20211231
새우튀김 골목,강원도 속초시 대포동 965,42,42210,128.607378,38.174254,강원,대포항입구,유,20211231
속초먹거리단지,강원도 속초시 먹거리7길 1,42,42210,128.574276,38.194125,강원,청초교,유,20211231
장사항횟집타운,강원도 속초시 장사동,42,42210,128.557909,38.214106,강원,우림연립,유,20211231
닭강정골목,강원도 속초시 중앙동,42,42210,128.589216,38.206376,강원,관광수산시장,유,20211231
오색약수산채음식촌,강원도 양양군 서면 오색리,42,42830,128.460992,38.083497,강원,오색,유,20211231
고씨굴칡국수촌,강원도 영월군 김삿갓면 진별리,42,42750,128.546766,37.145383,강원,고씨굴,유,20211231
다하누촌중앙광장,강원도 영월군 주천면 주천리,42,42750,128.287645,37.26719,강원,주천약국앞,,20211231
중앙시장만두칼국수골목,강원도 원주시 중앙동,42,42130,127.950558,37.349783,강원,평원로중앙시장,유,20211231
중앙로문화의거리,강원도 원주시 중앙동,42,42130,127.950558,37.349783,강원,평원로중앙시장,유,20211231
자유시장돈가스골목,강원도 원주시 중앙동,42,42130,127.950558,37.349783,강원,원일로중앙시장,유,20211231
원주한우골목,강원도 원주시 중앙동,42,42130,127.950558,37.349783,강원,강원감영,유,20211231
인제용대리황태마을,강원도 인제군 북면 용대리,42,42810,128.36517,38.188672,강원,용대삼거리,유,20211231
정선아리랑시장먹자골목,강원도 정선군 정선읍 봉양리,42,42770,128.639274,37.390814,강원,신용협동조합,,20211231
낙원동닭갈비골목,강원도 춘천시 낙원동,42,42110,127.724126,37.87927,강원,중앙시장,유,20211231
온의닭갈비거리,강원도 춘천시 온의동,42,42110,127.715795,37.861076,강원,남춘천역 경춘선,유,20211231
오삼불고기거리,강원도 평창군 대관령면 횡계리,42,42760,128.717676,37.709906,강원,횡계리,유,20211231
효석문화마을메밀음식거리,강원도 평창군 봉평면 원길리,42,42760,128.369995,37.636091,강원,창동2리,유,20211231
양지말화로숯불구이촌,강원도 홍천군 홍천읍 양지말길 17-4,42,42720,127.831357,37.659645,강원,양지마을,유,20211231
횡성한우마을,강원도 횡성군 우천면 우항리,42,42790,128.07343,37.451982,강원,우천약국,유,20211231
횡성먹거리단지,강원도 횡성군 횡성읍 곡교리,42,42790,127.97636,37.462464,강원,원주공항,유,20211231
청평호반매운탕촌,경기도 가평군 설악면 회곡리,41,41820,127.444344,37.694616,경기,발전소,유,20211231
행주산성먹거리촌,경기도 고양시 덕양구 행주내동,41,41281,126.82685,37.605395,경기,행주산성,유,20211231
행주외동 장어마을,경기도 고양시 덕양구 행주산성로144번길 31-16,41,41281,126.815485,37.601452,경기,서원,유,20211231
행주산성음식문화거리,경기도 고양시 덕양구 행주외동,41,41281,126.814483,37.605406,경기,고양시정연수원입구,유,20211231
애니골,경기도 고양시 일산동구 풍동,41,41285,126.798193,37.667555,경기,풍산역,유,20211231
대화동먹자골목,경기도 고양시 일산서구 대화동,41,41287,126.741261,37.672133,경기,대화역,유,20211231
밤일음식문화거리,경기도 광명시 하안동,41,41210,126.869877,37.459054,경기,밤일마을,유,20211231
분원마을붕어찜거리,경기도 광주광역시시 남종면 분원리,41,41610,127.298881,37.495799,경기,분원초교,유,20211231
남한산성보양거리,경기도 광주광역시시 남한산성면 산성리,41,41610,127.186948,37.477763,경기,남한산성(종점),유,20211231
남한산성백숙거리,경기도 광주광역시시 남한산성면 산성리 1238,41,41610,127.184408,37.477403,경기,남한산성(종점),유,20211231
돌다리곱창골목,경기도 구리시 수택동,41,41310,127.148909,37.594596,경기,구리역,,20211231
대명포구횟타운,경기도 김포시 대곶면 대명리,41,41570,126.55303,37.649287,경기,대명항,유,20211231
김포평화누리길장어마을,경기도 김포시 월곶면 포내리,41,41570,126.534336,37.722315,경기,성동검문소,유,20211231
동두천맛거리,경기도 동두천시 상봉암동,41,41250,127.061425,37.948066,경기,소요산역,유,20211231
생연음식문화거리,경기도 동두천시 생연동,41,41250,127.063579,37.903863,경기,동두천중앙역,유,20211231
둘리의거리,경기도 부천시 상동,41,41190,126.751881,37.500666,경기,송내역,유,20211231
까치울음식테마마을,경기도 부천시 작동,41,41190,126.816147,37.513158,경기,까치울초등학교,유,20211231
서현시범맛집거리,경기도 성남시 분당구 서현동,41,41135,127.134433,37.382264,경기,새마을연수원입구,유,20211231
효자촌먹자거리,경기도 성남시 분당구 서현동 351,41,41135,127.137623,37.378819,경기,임광아파트정문.효자촌입구.분당중앙교회,유,20211231
율동푸드파크,경기도 성남시 분당구 율동,41,41135,127.158619,37.386449,경기,율동공원사거리,유,20211231
정자동 먹자골목,경기도 성남시 분당구 정자동,41,41135,127.115503,37.364409,경기,정자역,유,20211231
닭죽촌민속마을,경기도 성남시 수정구 단대동,41,41131,127.157299,37.454939,경기,민속마을닭죽촌,,20211231
일월먹거리촌,경기도 수원시 권선구 구운동,41,41113,126.970449,37.280869,경기,구운동성원아파트.일월먹거리촌,유,20211231
수원곱창골목,경기도 수원시 영통구 영통동,41,41117,127.072337,37.254867,경기,영통역,유,20211231
수원다문화푸드랜드,경기도 수원시 팔달구 매산로 2-10 역전시장,41,41115,127.002388,37.266094,경기,수원역,유,20211231
수원생고기골목,경기도 수원시 팔달구 매산로1가,41,41115,127.001788,37.267107,경기,수원역,유,20211231
지동시장 순대타운,경기도 수원시 팔달구 창룡문로 3,41,41115,127.02006,37.27792,경기,지동시장,,20211231
수원남문시장푸드트럭거리,경기도 수원시 팔달구 팔달문로 9,41,41115,127.018472,37.277762,경기,팔달문,유,20211231
화서역먹거리촌,경기도 수원시 팔달구 화서동,41,41115,126.994271,37.283011,경기,화서역,유,20211231
오이도음식문화거리,경기도 시흥시 정왕동 2065,41,41390,126.687279,37.341681,경기,오이도빨강등대,유,20211231
대부도방아머리먹거리타운,경기도 안산시 단원구 대부북동,41,41273,126.57029,37.260367,경기,방아머리제1주차장,유,20211231
댕이골전통음식거리,경기도 안산시 상록구 사동,41,41271,126.840038,37.292539,경기,댕이골,유,20211231
안성맞춤먹거리타운,경기도 안성시 당왕동,41,41271,127.26957,37.020426,경기,대천동성당,유,20211231
평촌먹거리촌,경기도 안양시 동안구 평촌동,41,41173,126.967994,37.388741,경기,범계역,유,20211231
안양명물순대곱창골목,경기도 안양시 만안구 안양동,41,41171,126.916118,37.388556,경기,안양역,유,20211231
안양예술공원음식문화거리,경기도 안양시 만안구 안양동,41,41171,126.916118,37.388556,경기,안양예술공원종점.갈멜산기도원입구,유,20211231
양주골한우마을,경기도 양주시 백석읍 기산리,41,41630,126.950228,37.771866,경기,기산리종점,유,20211231
장흥관광지 한식마을,경기도 양주시 장흥면 권율로 193,41,41630,126.948953,37.732084,경기,권율장군묘,유,20211231
천서리막국수촌,경기도 여주시 대신면 천서리 611-7,41,41730,127.547821,37.403283,경기,천서사거리,유,20211231
신륵사매운탕촌,경기도 여주시 천송동,41,41730,127.662147,37.303751,경기,천송동,유,20211231
운암뜰한식거리,경기도 오산시 원동,41,41370,127.082663,37.141256,경기,오산역,,20211231
독산성음식문화거리,경기도 오산시 지곶동,41,41370,127.02627,37.17649,경기,지곳동,,20211231
기흥맛깔촌,경기도 용인시 기흥구 상갈동,41,41463,127.110878,37.265517,경기,상갈역,유,20211231
신봉동외식타운,경기도 용인시 수지구 신봉동,41,41465,127.057629,37.332353,경기,서봉마을.노블랜드,유,20211231
수지외식타운,경기도 용인시 수지구 풍덕천동,41,41465,127.092206,37.323828,경기,수지구청역,유,20211231
백운호수 음식마을,경기도 의왕시 백운로 497-3,41,41430,126.99981,37.380752,경기,백운호수,,20211231
백운산토속음식마을,경기도 의왕시 오전동,41,41430,126.983785,37.35917,경기,오메기저수지,유,20211231
의정부부대찌개거리,경기도 의정부시 태평로137번길 22-1,41,41150,127.049645,37.744724,경기,의정부중앙역,유,20211231
도예촌쌀밥거리,경기도 이천시 사음동,41,41500,127.417893,37.294917,경기,사음2동.동일냉장,,20211231
임진강황복마을,경기도 파주시 문산읍 임진리,41,41480,126.79403,37.885724,경기,임진리,유,20211231
파주맛고을음식문화거리,경기도 파주시 탄현면 성동리,41,41480,126.678047,37.781713,경기,프로방스마을입구,유,20211231
평택매운음식골목,경기도 평택시 통복동,41,41220,127.076417,36.992776,경기,통복시장후문,유,20211231
신북오리촌,경기도 포천시 신북면 심곡리,41,41650,127.173953,37.922646,경기,깊이울경로당,유,20211231
제부도음식문화시범거리,경기도 화성시 서신면 제부리,41,41450,126.622812,37.170469,경기,해안산책로 정류장,유,20211231
거창시장순대거리,경상남도 거창군 거창읍 중앙리,48,48880,127.911706,35.689743,경남,거창시장,유,20211231
불암동장어마을,경상남도 김해시 불암동,48,48250,128.923056,35.222002,경남,불암역,유,20211231
강변장어타운,경상남도 김해시 불암동,48,48250,128.923056,35.222002,경남,강변장어타운,유,20211231
글로벌푸드타운,경상남도 김해시 서상동,48,48250,128.88001,35.234401,경남,농협김해시지부,,20211231
삼천포실비집거리,경상남도 사천시 벌리동,48,48240,128.083393,34.939607,경남,하나로로타리,유,20211231
삼천포팔포매립지횟집거리,경상남도 사천시 서금동,48,48240,128.075235,34.924665,경남,노산공원입구,유,20211231
부림시장먹자골목,경상남도 창원시 마산합포구 부림동,48,48125,128.572594,35.205508,경남,부림시장,유,20211231
마산어시장 장어거리,경상남도 창원시 마산합포구 수산1길 74,48,48125,128.575728,35.199841,경남,기업은행앞어시장,유,20211231
반송시장칼국수촌,경상남도 창원시 성산구 반림동,48,48123,128.671128,35.237263,경남,반송시장 아이필상가,,20211231
충무김밥거리,경상남도 통영시 항남동,48,48220,128.422857,34.841649,경남,문화마당,유,20211231
하동재첩특화마을,경상남도 하동군 하동읍 섬진강대로 1877,48,48850,127.766691,35.058512,경남,신촌,유,20211231
함안한우국밥촌,경상남도 함안군 함안면 북촌리,48,48730,128.437887,35.239513,경남,함안정류소,,20211231
합천한우거리,경상남도 합천군 삼가면 일부3길 15,48,48890,128.124781,35.411383,경남,삼가,유,20211231
오렌지타운거리,경상북도 경산시 조영동,47,47290,128.754907,35.841634,경북,영남대역 대구2호선,유,20211231
순두부골목,경상북도 경주시 북군동,47,47130,129.258833,35.859637,경북,북군동펜션마을 동궁원,유,20211231
화산한우숯불단지,경상북도 경주시 천북면 화산리,47,47130,129.299019,35.920459,경북,화산,유,20211231
팔우정해장국거리,경상북도 경주시 황오동 317-4,47,47130,129.216043,35.840899,경북,팔우정,유,20211231
진평음식특화거리,경상북도 구미시 진평동 1078,47,47190,128.429594,36.093486,경북,진평중학교입구,,20211231
지례흑돼지골목,경상북도 김천시 지례면 교리,47,47150,128.034813,35.996071,경북,삼거리,유,20211231
봉성돼지숯불단지,경상북도 봉화군 봉성면 봉명로 558 봉성우체국,47,47920,128.815704,36.884032,경북,봉성,유,20211231
다덕약수탕토속음식단지,경상북도 봉화군 봉성면 우곡리,47,47920,128.827745,36.94146,경북,다덕약수관광단지,,20211231
낙동강한우먹거리촌,경상북도 상주시 낙동면 낙동리,47,47250,128.299321,36.364949,경북,낙동정류장,유,20211231
안동찜닭골목,경상북도 안동시 서부동 184-4,47,47170,128.728274,36.565456,경북,안동약국 성모안과앞,유,20211231
안동갈비골목,경상북도 안동시 운흥동,47,47170,128.731345,36.560606,경북,안동역,,20211231
음식의거리,경상북도 안동시 운흥동,47,47170,128.731345,36.560606,경북,안동역,,20211231
영덕대게거리,경상북도 영덕군 강구면 강구리,47,47770,129.387026,36.364762,경북,명신약국,유,20211231
영천한우숯불단지,경상북도 영천시 도남동,47,47230,128.935182,35.929991,경북,도남경로당,,20211231
영천곰탕골목,경상북도 영천시 완산동,47,47230,128.952589,35.962156,경북,영천공설시장(완산동주민센터건너),,20211231
용궁순대거리,경상북도 예천군 용궁면 읍부리,47,47900,128.278637,36.607549,경북,용궁역,유,20211231
의성마늘소먹거리타운,경상북도 의성군 봉양면 화전리,47,47730,128.572284,36.304805,경북,봉양,유,20211231
청도추어탕거리,경상북도 청도군 청도읍 고수리,47,47820,128.742483,35.639931,경북,청도공용버스터미널,유,20211231
구룡포과메기물회거리,경상북도 포항시 남구 구룡포읍 구룡포리,47,47111,129.551181,36.000332,경북,구룡포환승센터,,20211231
광주송정떡갈비골목,광주광역시 광산구 송정동,29,29200,126.799023,35.13607,광주,광주송정역,유,20211231
동곡동꽃게장백반거리,광주광역시 광산구 하산동,29,29200,126.765722,35.097481,광주,동곡동행정복지센터,유,20211231
아시아음식문화거리,광주광역시 동구 광산동,29,29110,126.919476,35.146497,광주,문화전당역 광주1호선,유,20211231
무등산보리밥거리,광주광역시 동구 지산동,29,29110,126.942264,35.148609,광주,지산유원지입구,유,20211231
광주오리요리거리,광주광역시 북구 신안동,29,29170,126.900066,35.168244,광주,광주역 광주선,유,20211231
금호먹거리촌,광주광역시 서구 금호동,29,29140,126.855842,35.132762,광주,서창농협,유,20211231
상무지구먹자골목,광주광역시 서구 치평동,29,29140,126.841858,35.15328,광주,한국은행,유,20211231
서부정류장막창골목,대구광역시 남구 대명동,27,27200,128.576943,35.837275,대구,서부정류장역,유,20211231
앞산맛둘레길,대구광역시 남구 대명동,27,27200,128.576943,35.837275,대구,앞산자락카페마실앞,유,20211231
봉덕맛길,대구광역시 남구 봉덕동,27,27200,128.595734,35.829198,대구,봉덕2동새마을금고앞,,20211231
안지랑 곱창 거리,대구광역시 남구 안지랑로16길 67,27,27200,128.575147,35.836878,대구,안지랑역 대구1호선,유,20211231
장기동먹거리촌,대구광역시 달서구 본리동,27,27290,128.538242,35.83996,대구,현대백조아파트앞,유,20211231
주리먹거리촌,대구광역시 달성군 가창면 주리,27,27710,128.621379,35.751148,대구,,유,20211231
원조닭똥집골목,대구광역시 동구 신암동,27,27140,128.624486,35.883987,대구,평화시장(닭똥집골목)건너,유,20211231
운암지먹거리타운,대구광역시 북구 구암동,27,27230,128.567448,35.932247,대구,부영7단지앞,유,20211231
반고개무침회골목,대구광역시 서구 달구벌대로375길 14-1,27,27170,128.570116,35.862274,대구,반고개역 대구2호선,유,20211231
인동촌아나고골목,대구광역시 서구 비산동,27,27170,128.558317,35.88352,대구,달성공원역 대구3호선,유,20211231
서부오미가미거리,대구광역시 서구 비산동,27,27170,128.558317,35.88352,대구,서부시장앞,,20211231
중리동곱창골목,대구광역시 서구 중리동,27,27170,128.540309,35.864026,대구,퀸스로드앞(동편),유,20211231
범어먹거리타운,대구광역시 수성구 범어동,27,27290,128.631277,35.857723,대구,범어역 대구2호선,,20211231
들안길먹거리타운,대구광역시 수성구 상동,27,27290,128.611559,35.833364,대구,KT상동지사앞,유,20211231
덕산떡전골목,대구광역시 중구 계산동2가,27,27110,128.589186,35.867212,대구,반월당역 대구1호선,유,20211231
대구보쌈골목,대구광역시 중구 남산동,27,27110,128.58624,35.86116,대구,반월당역 대구1호선,유,20211231
동인동 찜갈비골목,대구광역시 중구 동인동1가,27,27110,128.603731,35.87234,대구,동인치안센터앞,유,20211231
송촌동먹자골목,대전광역시 대덕구 송촌동,30,30230,127.442739,36.364592,대전,송촌119안전센터,유,20211231
중앙시장먹자역,대전광역시 동구 중동,30,30110,127.429721,36.33141,대전,대전역 1호선,,20211231
대전막창골목,대전광역시 서구 괴정동,30,30170,127.379974,36.338697,대전,래미안아파트2단지,유,20211231
명지선창회타운,부산광역시 강서구 명지동,26,26440,128.905517,35.120322,부산,동리,유,20211231
금정산성먹거리촌,부산광역시 금정구 금성동,26,26410,129.053912,35.254086,부산,죽전마을,유,20211231
해물포장마차촌,부산광역시 기장군 기장읍 연화리,26,26710,129.221557,35.215383,부산,연화리,유,20211231
칠암붕장어마을,부산광역시 기장군 일광면 칠암리,26,26710,129.256065,35.299343,부산,신평,,20211231
문현동곱창골목,부산광역시 남구 문현동 351-35,26,26290,129.069732,35.135668,부산,지게골역 부산2호선,유,20211231
부산역풍물거리,부산광역시 동구 초량동,26,26170,129.037335,35.120581,부산,부산역 부산1호선,유,20211231
초량동 돼지갈비골목,부산광역시 동구 초량동,26,26170,129.037335,35.120581,부산,초량역 부산1호선,유,20211231
동래파전골목,부산광역시 동래구 명륜동,26,26260,129.085084,35.210942,부산,동래구청,유,20211231
온천장곰장어골목,부산광역시 동래구 온천동,26,26260,129.068176,35.213886,부산,온천시장,유,20211231
범천동 조방낙지골목,부산광역시 부산광역시진구 범천동,26,26230,129.051808,35.148048,부산,범일역 부산1호선,유,20211231
서면 먹자골목,부산광역시 부산광역시진구 부전동,26,26230,129.057921,35.157387,부산,서면역,,20211231
서면향토음식특화거리,부산광역시 부산광역시진구 부전동,26,26230,129.057921,35.157387,부산,서면역,유,20211231
다대포생선회먹거리타운,부산광역시 사하구 다대동,26,26380,128.971154,35.056301,부산,다대포해수욕장역 부산1호선,,20211231
광안동곱창거리,부산광역시 수영구 광안동,26,26500,129.10936,35.159559,부산,수영역,유,20211231
부산민락동횟집거리,부산광역시 수영구 민락동,26,26500,129.125542,35.159807,부산,진로비치아파트,,20211231
콩나물 해장국골목,부산광역시 수영구 민락동,26,26500,129.125542,35.159807,부산,진로비치아파트,유,20211231
부산자갈치양곱창골목,부산광역시 중구 남포동5가,26,26110,129.029432,35.0976,부산,자갈치역 부산1호선,유,20211231
부평족발골목,부산광역시 중구 부평동2가,26,26110,129.025752,35.100588,부산,자갈치역 부산1호선,유,20211231
부평동죽집골목,부산광역시 중구 부평동2가,26,26110,129.025752,35.100588,부산,보수동책방골목,유,20211231
팥빙수골목,부산광역시 중구 신창동1가,26,26110,129.030368,35.101324,부산,남포역 부산1호선,유,20211231
창선동 먹자골목,부산광역시 중구 창선동2가,26,26110,129.028612,35.099554,부산,자갈치역 부산1호선,,20211231
청사포횟집촌,부산광역시 해운대구광역시 중동,26,26350,129.17674,35.162511,부산,청사포,유,20211231
논현동먹자골목,서울특별시  강남구 논현동,11,11680,127.031713,37.51368,서울,논현역,유,20211231
성내동주꾸미골목,서울특별시  강동구 성내동,11,11740,127.12899,37.530494,서울,천호역,,20211231
천호동족발골목,서울특별시  강동구 천호동,11,11740,127.127629,37.544379,서울,천호역,유,20211231
우이동 먹거리마을,서울특별시  강북구 삼양로181길 17,11,11305,127.010885,37.665368,서울,북한산우이도역,,20211231
수유리먹자골목,서울특별시  강북구 수유동 141,11,11305,127.026823,37.642651,서울,수유역,,20211231
행운동먹자골목,서울특별시  관악구 봉천동,11,11620,126.953483,37.47798,서울,서울대입구역,유,20211231
원조민속순대타운,서울특별시  관악구 신림동,11,11620,126.935806,37.463207,서울,신림역,,20211231
자양동중국음식골목,서울특별시  광진구 자양동,11,11215,127.07452,37.531702,서울,건대입구역,유,20211231
건대맛의거리,서울특별시  광진구 화양동,11,11215,127.073404,37.543254,서울,건대입구역,유,20211231
깔깔거리,서울특별시  구로구 구로동,11,11530,126.884681,37.494236,서울,구로디지털단지역,유,20211231
구로시장떡볶이골목,서울특별시  구로구 구로동 736-1,11,11530,126.885285,37.488602,서울,남구로역,유,20211231
국제음식문화거리,서울특별시  구로구 새말로 102 신도림포스빌,11,11530,126.891333,37.505535,서울,신도림역,유,20211231
먹거리촌,서울특별시  금천구 가산동,11,11545,126.883778,37.476685,서울,가산디지털단지역,,20211231
용두동주꾸미골목,서울특별시  동대문구 용두동,11,11230,127.034284,37.575729,서울,제기동역,,20211231
청량리통닭골목,서울특별시  동대문구 제기동 635-1,11,11230,127.04251,37.580463,서울,청량리역,,20211231
청량리먹자골목,서울특별시  동대문구 청량리동,11,11230,127.045291,37.588803,서울,청량리역,,20211231
회기역파전골목,서울특별시  동대문구 회기로28길 8,11,11230,127.055948,37.589465,서울,동대문역,,20211231
노량진컵밥거리,서울특별시  동작구 노량진로 178,11,11590,126.945704,37.513421,서울,노량진역,유,20211231
이수역먹자골목,서울특별시  동작구 동작대로 117 총신대입구(이수)역4호선,11,11590,126.981822,37.486734,서울,총신대입구역,유,20211231
공덕동족발골목,서울특별시  마포구 공덕동,11,11440,126.955004,37.548095,서울,공덕역,유,20211231
마포갈매기골목,서울특별시  마포구 도화동,11,11440,126.950017,37.539761,서울,공덕역,유,20211231
마포전골목,서울특별시  마포구 만리재로 19,11,11440,126.953162,37.544673,서울,공덕역,유,20211231
마포음식문화거리,서울특별시  마포구 용강동,11,11440,126.940454,37.541505,서울,마포역,유,20211231
마포돼지갈비거리,서울특별시  마포구 용강동,11,11440,126.940454,37.541505,서울,마포역,유,20211231
신사동간장게장골목,서울특별시  서초구 강남대로99길 28 새서울특별시 맨션,11,11650,127.017905,37.515143,서울,신사역,유,20211231
방배역먹자골목,서울특별시  서초구 방배동,11,11650,126.993113,37.479496,서울,방배역,,20211231
교대곱창거리,서울특별시  서초구 서초동,11,11650,127.016797,37.488382,서울,교대역,,20211231
강남역푸드트럭존,서울특별시  서초구 서초동 1318-11,11,11650,127.027074,37.498072,서울,강남역,유,20211231
신사동아구찜골목,서울특별시  서초구 잠원동,11,11650,127.009094,37.515105,서울,신사역,유,20211231
마장동먹자골목,서울특별시  성동구 살곶이길 40 마장동우시장먹자골목,11,11200,127.041532,37.571067,서울,마장동 현대아파트,유,20211231
성수동갈비골목,서울특별시  성동구 서울특별시 숲4길 27,11,11200,127.044024,37.547083,서울,뚝섬역,유,20211231
왕십리곱창거리,서울특별시  성동구 행당동,11,11200,127.035966,37.557668,서울,왕십리역,유,20211231
성북동누들거리,서울특별시  성북구 성북동,11,11290,126.99291,37.597251,서울,한성대입구역,유,20211231
방이동먹자골목,서울특별시  송파구 방이동,11,11710,127.125384,37.515681,서울,잠실역,유,20211231
당산먹자골목,서울특별시  영등포구 당산동6가,11,11560,126.902873,37.534665,서울,당산역,유,20211231
회나무길,서울특별시  용산구 이태원동,11,11170,126.992524,37.538519,서울,디지텍고등학교앞,유,20211231
이태원세계음식거리,서울특별시  용산구 이태원동,11,11170,126.992524,37.538519,서울,이태원역,유,20211231
삼각지대구탕골목,서울특별시  용산구 한강대로62가길 4,11,11170,126.974077,37.534593,서울,삼각지역,유,20211231
불광동먹자골목,서울특별시  은평구 불광동 281-109,11,11380,126.930981,37.610519,서울,서울대입구역,유,20211231
응암동감자국거리,서울특별시  은평구 응암동,11,11380,126.923123,37.593842,서울,새절역,유,20211231
낙원동아구찜거리,서울특별시  종로구 낙원동,11,11110,126.988624,37.572581,서울,종로3가역,유,20211231
낙원떡상가,서울특별시  종로구 낙원동,11,11110,126.988624,37.572581,서울,종로3가역,유,20211231
광장시장전골목,서울특별시  종로구 종로4가,11,11110,126.978099,37.569859,서울,종로5가역,,20211231
종로5가곱창골목,서울특별시  종로구 종로5가,11,11110,126.978099,37.569859,서울,종로5가역,유,20211231
동대문닭한마리골목,서울특별시  종로구 종로5가 37-7,11,11110,127.005882,37.570456,서울,종로5가역,유,20211231
창신동네팔음식거리,서울특별시  종로구 창신동,11,11110,127.01245,37.575413,서울,동대문(흥인지문),유,20211231
세종마을음식문화거리,서울특별시  종로구 체부동,11,11110,126.970872,37.577599,서울,경복궁역,유,20211231
남대문시장 먹자골목,서울특별시  중구 남대문시장4길 42-1,11,11140,126.977023,37.558307,서울,회현역,유,20211231
남대문시장 갈치조림골목,서울특별시  중구 남대문시장길 16-17,11,11140,126.976925,37.559676,서울,회현역,유,20211231
무교동음식문화의거리,서울특별시  중구 다동,11,11140,126.981182,37.567912,서울,종각역,유,20211231
다동무교동음식문화의거리,서울특별시  중구 다동,11,11140,126.981182,37.567912,서울,종각역,유,20211231
북창동먹자골목,서울특별시  중구 북창동,11,11140,126.9782,37.562453,서울,시청역,유,20211231
오장동함흥냉면거리,서울특별시  중구 오장동,11,11140,127.000887,37.564738,서울,을지로4가역,유,20211231
장충동족발골목,서울특별시  중구 장충단로 176,11,11140,127.005855,37.5605,서울,동대입구역,유,20211231
신당동떡볶이타운,서울특별시  중구 청구로 77 청구역 5.6호선,11,11140,127.014431,37.559977,서울,신당역,유,20211231
인현시장먹거리,서울특별시  중구 충무로4가,11,11140,126.993174,37.561708,서울,충무로역,,20211231
장생포회센타,울산광역시 남구 매암동,31,31140,129.371572,35.512385,울산,해양수산청,유,20211231
판지수산물구이단지,울산광역시 북구 정자동,31,31200,129.442777,35.615463,울산,강동해수탕앞,유,20211231
목살골목,울산광역시 중구 교동,31,31710,129.316171,35.562511,울산,목살골목입구,유,20211231
병영막창거리,울산광역시 중구 남외동,31,31710,129.346492,35.567052,울산,선우시장,유,20211231
성남동호프골목,울산광역시 중구 성남동,31,31710,129.317515,35.553005,울산,성남동,,20211231
태화십리대밭먹거리단지,울산광역시 중구 태화로 38,31,31710,129.280238,35.554443,울산,삼호교,유,20211231
더리미장어구이마을,인천광역시 강화군 선원면 신정리,28,28710,126.50542,37.725835,인천,더리미경로당,유,20211231
강화창후리황복마을,인천광역시 강화군 하점면 창후리,28,28710,126.368234,37.766775,인천,창후리종점,,20211231
선수포구밴댕이마을,인천광역시 강화군 화도면 해안남로2903번길 56,28,28710,126.392041,37.64049,인천,후포항입구,유,20211231
계양맛길,인천광역시 계양구 계산동,28,28245,126.723024,37.542868,인천,계양구청,유,20211231
용종음식문화시범거리,인천광역시 계양구 용종동,28,28245,126.744796,37.540803,인천,임학역,유,20211231
구월동문예길음식거리,인천광역시 남동구 구월동,28,28200,126.711121,37.448725,인천,예술회관역,유,20211231
인천곱창골목,인천광역시 남동구 구월동,28,28200,126.711121,37.448725,인천,모래내시장역,유,20211231
서창먹거리타운,인천광역시 남동구 서창동,28,28200,126.749466,37.431126,인천,서창이편한세상정문,유,20211231
트인먹거리타운,인천광역시 남동구 앵고개로 675-2,28,28200,126.712752,37.389806,인천,희경산업,유,20211231
연락골추어마을,인천광역시 남동구 운연동,28,28200,126.764276,37.439544,인천,연락골,,20211231
수현마을전통음식마을,인천광역시 남동구 장수동,28,28200,126.76102,37.458837,인천,수현마을,유,20211231
송현동순대골목,인천광역시 동구 송현동,28,28140,126.640368,37.486541,인천,동인천역,유,20211231
송현동순대거리,인천광역시 동구 송현동,28,28140,126.640368,37.486541,인천,동인천역,유,20211231
물텀벙특화음식거리,인천광역시 미추홀구 용현동,28,28170,126.64724,37.451516,인천,용현사거리,유,20211231
법조타운먹거리촌,인천광역시 미추홀구 학익동,28,28170,126.654746,37.439483,인천,법원검찰청입구,,20211231
굴포먹거리타운,인천광역시 부평구 갈산동,28,28237,126.726499,37.515514,인천,부평구청역,,20211231
부평해물탕거리,인천광역시 부평구 부평동,28,28237,126.723031,37.489374,인천,부평역,유,20211231
효실천거리,인천광역시 부평구 부평동,28,28237,126.723031,37.489374,인천,굴포천역,유,20211231
숲예찬,인천광역시 서구 심곡동,28,28260,126.67998,37.541529,인천,십정고개,,20211231
검단먹거리타운,인천광역시 서구 왕길동,28,28260,126.650715,37.591294,인천,검단사거리역,유,20211231
선학동먹자골목,인천광역시 연수구 선학동,28,28185,126.69755,37.429682,인천,선학역,유,20211231
연수동맛고을길,인천광역시 연수구 연수동,28,28185,126.683296,37.420414,인천,동아금호아파트,유,20211231
송도꽃게거리,인천광역시 연수구 옥련동,28,28185,126.64842,37.424247,인천,송도유원지(도로교통공단),유,20211231
북성동원조자장면거리,인천광역시 중구 북성동2가,28,28110,126.618309,37.476653,인천,인천역,,20211231
동인천삼치거리,인천광역시 중구 우현로67번길 57,28,28110,126.628693,37.475711,인천,동인천역,유,20211231
밴댕이회무침거리,인천광역시 중구 항동7가,28,28110,126.612603,37.452583,인천,수협(인천해양센터),유,20211231
연안부두횟집거리,인천광역시 중구 항동7가,28,28110,126.612603,37.452583,인천,연안부두로삼거리,유,20211231
광양불고기특화거리,전라남도 광양시 광양읍 서천1길 44,46,46230,127.579252,34.969574,전남,서천체육공원,유,20211231
이순신대교먹거리타운,전라남도 광양시 중동,46,46230,127.693001,34.937489,전남,하이마트,유,20211231
나주곰탕거리,전라남도 나주시 금계동,46,46170,126.714741,35.03061,전남,금성관,유,20211231
영산포홍어거리,전라남도 나주시 영산동,46,46170,126.72903,35.002304,전남,선창,유,20211231
곰탕골목,전라남도 나주시 중앙동,46,46170,126.719899,35.0329,전남,금성관,,20211231
담양국수거리,전라남도 담양군 담양읍 객사리,46,46710,126.987746,35.322496,전남,향교교,유,20211231
목포민어의거리,전라남도 목포시 중앙동1가,46,46110,126.383747,34.786217,전남,유달산우체국,,20211231
무안낙지골목,전라남도 무안군 무안읍 성남1길 171 성경식당,46,46840,126.476925,34.987478,전남,무안터미널,유,20211231
웃장국밥골목,전라남도 순천시 동외동,46,46150,127.48789,34.956702,전남,웃장,유,20211231
참장어(하모)거리,전라남도 여수시 남산동,46,46130,127.730137,34.73505,전남,돌산대교회타운입구,유,20211231
봉산게장거리,전라남도 여수시 봉산동,46,46130,127.720743,34.735885,전남,봉산동게장골목,,20211231
영광굴비거리,전라남도 영광군 법성면 법성리,46,46870,126.448015,35.365533,전남,법성리,,20211231
독천낙지음식명소거리,전라남도 영암군 학산면 독천리,46,46830,126.556118,34.732993,전남,독천터미널,유,20211231
완도음식특화거리,전라남도 완도군 완도읍 가용리,46,46890,126.731768,34.326509,전남,개포사거리,유,20211231
함평천지한우비빔밥거리,전라남도 함평군 함평읍 시장길 105,46,46860,126.52359,35.063786,전남,영수교,유,20211231
해남토종닭요리촌,전라남도 해남군 해남읍 연동리,46,46820,126.612717,34.547904,전남,돌고개,,20211231
선운산풍천장어거리,전라북도 고창군 아산면 삼인리,45,45790,126.57709,35.491538,전북,삼인,,20211231
은파앤츠밸리,전라북도 군산시 미룡동,45,45130,126.687597,35.948207,전북,미룡3주공아파트,,20211231
남원추어탕거리,전라북도 남원시 천거동,45,45190,127.378104,35.401788,전북,추어삼거리,,20211231
삼천동막걸리골목,전라북도 전주시 완산구 삼천동1가,46,45111,127.12044,35.796902,전남,삼천삼익아파트막걸리골목,유,20211231
산외한우마을,전라북도 정읍시 산외면 동곡리,45,45180,127.029738,35.639709,전북,산외면사무소,유,20211231
마이산등갈비골목,전라북도 진안군 마령면 동촌리,45,45720,127.395105,35.746302,전북,마이산,유,20211231
칠십리음식특화거리,제주특별자치도 서귀포시 서귀동,50,50130,126.563698,33.24512,제주,칠십리 음식특화거리,,20211231
흑돼지거리,제주특별자치도 제주시 건입동,50,50110,126.542653,33.515234,제주,탑동입구,유,20211231
서부두명품횟집거리,제주특별자치도 제주시 건입동,50,50110,126.542653,33.515234,제주,탑동푸른쉼터,유,20211231
용두암먹거리장터,제주특별자치도 제주시 용담3동,50,50110,126.495684,33.515782,제주,어영마을,,20211231
국수문화거리,제주특별자치도 제주시 일도2동 1050-1,50,50110,126.533164,33.510533,제주,민속자연사박물관,유,20211231
인삼어죽마을,충청남도 금산군 제원면 저곡리,44,44710,127.562796,36.10896,충남,저곡,유,20211231
강경젓갈단지,충청남도 논산시 강경읍 옥녀봉로27번길 30-3,44,44230,127.014644,36.160755,충남,논산경찰서,유,20211231
합덕시장한우특화거리,충청남도 당진시 합덕읍 운산리,44,44830,126.768348,36.803132,충남,합덕우체국,유,20211231
죽도관광지먹거리촌,충청남도 보령시 남포면 월전리,44,44180,126.554121,36.264907,충남,죽도,,20211231
천북굴단지,충청남도 보령시 천북면 장은리 959-17,44,44180,126.487719,36.508337,충남,천북굴단지,유,20211231
굿뜨래음식특화거리,충청남도 부여군 부여읍 나성로 119,44,44760,126.909804,36.285108,충남,성왕로타리,유,20211231
광시암소한우마을,충청남도 예산군 광시면 광시리,44,44810,126.765337,36.551599,충남,광시정유소,,20211231
천안병천순대거리,충청남도 천안시 동남구 병천면 아우내순대길 33,44,44131,127.298259,36.760813,충남,병천시장,유,20211231
백사장항꽃게거리,충청남도 태안군 안면읍 백사장2길 13,44,44825,126.317583,36.584302,충남,창기5리 백사장,유,20211231
안면도대하촌,충청남도 태안군 안면읍 창기리,44,44825,126.344294,36.583487,충남,창기5리 백사장,유,20211231
남한강쏘가리매운탕특화거리,충청북도 단양군 단양읍 도전리,43,43800,128.367579,36.97966,충북,도전2리 구경시장입구,유,20211231
속리산산채비빔밥거리,충청북도 보은군 속리산면 사내7길 4,43,43720,127.822659,36.532094,충북,청주식당앞,유,20211231
도리뱅뱅생선국수음식거리,충청북도 옥천군 청산면 지전리,43,43730,127.788904,36.344985,충북,청산버스공용정류소,유,20211231
제천중앙시장청춘맛길,충청북도 제천시 중앙로1가,43,43150,128.190916,37.132631,충북,중앙시장,유,20211231
초평붕어마을,충청북도 진천군 초평면 화산리,43,43750,127.512883,36.818606,충북,붕어마을,유,20211231
토속음식전문마을,충청북도 청주시 상당구 산성동,43,43111,127.542082,36.658237,충북,상단산성,유,20211231
서문시장삼겹살골목,충청북도 청주시 상당구 서문동 124,43,43111,127.48626,36.634029,충북,청주대교,유,20211231
용암2동먹자골목,충청북도 청주시 상당구 용암동,43,43111,127.519571,36.617856,충북,용암효성아파트,유,20211231
양성참한우거리,충청북도 충주시 앙성면 능암리,43,43130,127.810083,37.081754,충북,능암,유,20211231
찰스H,서울특별시  종로구 당주동29 포시즌스호텔지하1층,11,,126.97537,37.570709,서울,"bar, 칵테일, 샴페인",,20211231
대복순두부,강원도 인제군 인제읍 상동리 251-5,42,42810,128.173509,38.066335,강원,가마솥 두부,,20211231
거북이슈퍼,서울특별시 종로구익선동166-79,11,,126.979231,37.573175,서울,"가맥, 맥주, 쥐포",,20211231
고요남,서울특별시 강남구논현동166,11,,127.047378,37.51734,서울,"갈비, 물회, 한우물회",,20211231
와일드마카오,서울특별시 광진구화양동23-5,11,,127.082202,37.538213,서울,"갈비, 해물, 짜장",,20211231
마시찜,서울특별시 종로구동숭동1-11,11,,126.979231,37.573175,서울,"갈비찜, 소갈비찜, 매운갈비찜",,20211231
찌개,서울특별시  송파구 잠실본동 192-6,11,,127.081217,37.509624,서울,감자찌개,,20211231
서부감자국,서울특별시 은평구녹번동181,11,,126.928849,37.602769,서울,"감자탕, 볶음밥, 감자국",,20211231
고기꾼김춘배,서울특별시 마포구서교동369-443층,11,,126.901774,37.566407,서울,"고기집, 삼겹살, 오겹살",,20211231
나고집,서울특별시 강남구논현동62-19,11,,127.047378,37.51734,서울,"고깃집, 소고기, 치즈",,20211231
날라리고로케,서울특별시 종로구누상동55-3,11,,126.979231,37.573175,서울,"고로케, 수제고로케, 치즈",,20211231
쑥이네곱창,서울특별시  송파구 방이동 204-6,11,,127.125619,37.510025,서울,곱창,,20211231
단호박국수,서울특별시 종로구필운동106,11,,126.979231,37.573175,서울,"국수, 단호박, 멸치국수",,20211231
송림식당,서울특별시 광진구자양3동227-136,11,,127.082202,37.538213,서울,"기사식당, 돼지불백, 선지국",,20211231
요나요나,서울특별시 마포구연남동504-32,11,,126.901774,37.566407,서울,"꼬치, 일본, 맥주",,20211231
오동도 산아나고 숯불구이,서울특별시 서초구방배동866-10,11,,127.032743,37.483783,서울,"꼼장어, 숯불구이, 아나고",,20211231
독도꽃새우,부산광역시 중구 부평동1가 41-30,26,,129.026399,35.09887,부산,꽃새우,,20211231
노루목산장,강원도 인제군 인제읍 고사리 379-1,42,42810,128.188259,38.067492,강원,낙지보쌈,,20211231
하단,서울특별시 성북구성북동184-40,11,,127.016828,37.589443,서울,"냉칼국수, 메밀, 만두국",,20211231
진미명가,제주특별자치도 서귀포시 안덕면 사계리 2072,50,,126.307624,33.228385,제주,다금바리,,20211231
태백국물닭갈비,서울특별시 마포구망원동418-11층,11,,126.901774,37.566407,서울,"닭갈비, 물닭갈비, 닭",,20211231
정우네 신숯불닭갈비,서울특별시 마포구도화동38-3,11,,126.901774,37.566407,서울,"닭갈비, 숯불닭갈비, 닭",,20211231
갈로할로,서울특별시 용산구이태원2동5991층,11,,126.990193,37.532615,서울,"닭꼬치, 길거리음식, 치즈",,20211231
전라도집,경기도 고양시 덕양구 용두동 432-47,41,,126.894206,37.626498,경기,닭볶음탕,,20211231
도넛가이즈,서울특별시 마포구서교동340-6,11,,126.901774,37.566407,서울,"도넛, 디저트, 미국식",,20211231
공시엔승,인천광역시광역시중구운서동2840,28,,126.705297,37.45614,인천,"도삭면, 꿔바로우, 차우면",,20211231
1920 경양식,서울특별시 종로구익선동166-71,11,,126.979231,37.573175,서울,"돈까스, 레스토랑, 함박스테이크",,20211231
마피아디저트,서울특별시 용산구이태원동451-7,11,,126.990193,37.532615,서울,"디저트, 밀푀유, 카페",,20211231
통인스윗,서울특별시 종로구통인동73,11,,126.979231,37.573175,서울,"디저트, 에그타르트, 타르트",,20211231
쥬시,서울특별시 용산구이태원동340-2,11,,126.990193,37.532615,서울,"디저트, 쥬스",,20211231
메종 엠오,서울특별시 서초구방배동876-41,11,,127.032743,37.483783,서울,"디저트, 카페",,20211231
저스트디저트,서울특별시 서대문구대현동90-7,11,,126.936784,37.579216,서울,"디저트, 카페, 아이스크림",,20211231
릴리코이,서울특별시 용산구이태원동656,11,,126.990193,37.532615,서울,"디저트, 카페, 자몽",,20211231
마얘,서울특별시 용산구이태원동211-19,11,,126.990193,37.532615,서울,"디저트, 카페, 프랑스",,20211231
에르모사,서울특별시 마포구동교동147-312층,11,,126.901774,37.566407,서울,"디저트, 컵케이크, 마카롱",,20211231
더 델리카테슨,서울특별시 특별시 서초구 반포동 19-3,11,,126.977874,37.566415,서울,"디저트, 쿠키, 컵케이크",,20211231
뚝떡,서울특별시 성동구성수동1가668-41,11,,127.037058,37.563389,서울,"떡볶이, 분식, 국물떡볶이",,20211231
냠냠1968,서울특별시 서대문구연희동129-3,11,,126.936784,37.579216,서울,"떡볶이, 분식, 김밥",,20211231
두끼,서울특별시 성북구안암동5가104-342층,11,,127.016828,37.589443,서울,"떡볶이, 즉석떡볶이, 뷔페",,20211231
노리랩,서울특별시 용산구이태원2동397-2,11,,126.990193,37.532615,서울,"떡볶이, 카페, 모찌",,20211231
슈퍼집,서울특별시 강남구논현동246-1,11,,127.047378,37.51734,서울,"떡볶이, 튀김, 마늘떡볶이",,20211231
한성문고,서울특별시 강남구삼성동159-8,11,,127.047378,37.51734,서울,"라멘, 라면",,20211231
이치라쿠,서울특별시 강남구신사동510-3,11,,127.047378,37.51734,서울,"라멘, 이자카야, 돈코츠라멘",,20211231
라면점빵,서울특별시 종로구필운동202,11,,126.979231,37.573175,서울,"라면, 참치, 치즈",,20211231
디브릿지,서울특별시 강남구청담동89-64층,11,,127.047378,37.51734,서울,"라운지바, 칵테일, 샴페인",,20211231
바이킹스워프,서울특별시  송파구 신천동 29 제2롯데월드 쇼핑몰 1층,11,,127.102669,37.512889,서울,"랍스타, 뷔페",,20211231
마누테라스,서울특별시 강남구청담동90-204층,11,,127.047378,37.51734,서울,"레스토랑, 디저트, 가리비",,20211231
아르모니움,서울특별시 용산구한남동657-37,11,,126.990193,37.532615,서울,"레스토랑, 디저트, 와인",,20211231
넘버포,서울특별시 마포구동교동152-15,11,,126.901774,37.566407,서울,"레스토랑, 디저트, 파스타",,20211231
후거벤,서울특별시 마포구서교동367-21층,11,,126.901774,37.566407,서울,"레스토랑, 문어, 샐러드",,20211231
치즈어랏,서울특별시 용산구이태원동225-67,11,,126.990193,37.532615,서울,"레스토랑, 치즈, 라클렛",,20211231
라뮤즈 드 연희,서울특별시 서대문구연희동189-6,11,,126.936784,37.579216,서울,"레스토랑, 파스타, 브런치",,20211231
미 피아체,서울특별시 강남구청담동97-22,11,,127.047378,37.51734,서울,"레스토랑, 파스타, 이탈리안레스토랑",,20211231
오레노,서울특별시 용산구이태원동112-2,11,,126.990193,37.532615,서울,"레스토랑, 푸아그라, 랍스터",,20211231
하베스트 남산,서울특별시 용산구이태원동258-202,11,,126.990193,37.532615,서울,"레스토랑, 피자, 풍기피자",,20211231
술화덕빵,서울특별시 종로구누하동219-3,11,,126.979231,37.573175,서울,막걸리,,20211231
안씨막걸리,서울특별시 용산구이태원동257-4,11,,126.990193,37.532615,서울,"막걸리, 술집, 전통주",,20211231
한치앞도모를바다,제주특별자치도 제주시 한림읍 협재리 1796-2,50,,126.242406,33.394572,제주,막걸리,,20211231
가리산 막국수,강원도 홍천군 두촌면 역내리 237-1,42,,128.013994,37.838037,강원,막국수,,20211231
남경막국수,서울특별시  송파구 잠실동 207-13,11,,127.085132,37.509475,서울,"막국수, 물막국수, 비빔막국수",,20211231
봉봉막창,대구광역시 중구 삼덕동1가 53-1,,,128.59932,35.865981,,막창,,20211231
빠오즈푸,서울특별시 광진구군자동361-32,11,,127.082202,37.538213,서울,"만두, 중국만두, 중국식만두",,20211231
샤오롱티,서울특별시 종로구누하동1-25,11,,126.979231,37.573175,서울,"만두, 중국식만두, 군만두",,20211231
마원,제주특별자치도 서귀포시 색달동 3092,50,,126.406227,33.248133,제주,말고기,,20211231
퍼스널 다이닝,서울특별시  강남구 신사동 657-5,11,,127.037085,37.526104,서울,맞춤음식,,20211231
볼리포인트,서울특별시 용산구한남동684-65,11,,126.990193,37.532615,서울,"맥주, 치즈, 버터갈릭",,20211231
영광숯불민물장어,인천광역시 남동구 장수동 43,28,,126.773704,37.459393,인천,민물장어,,20211231
민물장어연구소,서울특별시 성동구상왕십리동12-37텐즈힐몰1층132호,11,,127.037058,37.563389,서울,"민물장어, 장어, 장어구이",,20211231
TMI,서울특별시 용산구이태원동34-38,11,,126.990193,37.532615,서울,"버거, 수제버거, 버섯",,20211231
빌레왓,제주특별자치도 서귀포시 안덕면 화순리 1244-1,50,,126.335069,33.252502,제주,버거 #파스타,,20211231
하즈벤,서울특별시 용산구한남동657-96,11,,126.990193,37.532615,서울,"벤또, 사시미, 도시락",,20211231
916솜씨,서울특별시 성동구옥수동428-10,11,,127.037058,37.563389,서울,"볶음밥, 카페, 파스타",,20211231
꾸러기분식,서울특별시  강동구 천호동 24-2,11,,127.14348,37.550595,서울,분식,,20211231
더머거 (the Muger),서울특별시 성동구성수동2가317-5,11,,127.037058,37.563389,서울,"뷔페, 브런치뷔페, 브런치",,20211231
보버라운지,서울특별시 중구회현동2가88-1스테이트타워1층,11,,126.99747,37.563763,서울,"브런치, 디저트, 마카롱",,20211231
세컨드키친,서울특별시 용산구한남동263-2,11,,126.990193,37.532615,서울,"브런치, 레스토랑, 파스타",,20211231
더 파크뷰,제주특별자치도 서귀포시 색달동 3039-3,50,,126.40795,33.247173,제주,브런치,,20211231
더블루버드,서울특별시 동대문구회기동346-16,11,,127.039723,37.574431,서울,"브런치, 카페",,20211231
리차드 카피캣,서울특별시 용산구한남동736-94층,11,,126.990193,37.532615,서울,"브런치, 칵테일, 라운지바",,20211231
쉐프팬더,대구광역시 달성군 가창면 냉천리 27-27,,,128.635855,35.787531,,비프라이스,,20211231
밀크,서울특별시 종로구팔판동16-2,11,,126.979231,37.573175,서울,"빵집, 식빵, 치즈",,20211231
크럼앤크러스트,서울특별시 강남구삼성동103-22,11,,127.047378,37.51734,서울,"빵집, 치아바타",,20211231
벵디,제주특별자치도 제주시 구좌읍 평대리 2031-2,50,,126.837119,33.537661,제주,뿔소라톳덮밥,,20211231
두메향기,경기도 양평군 양서면 목왕리 87,41,,127.385655,37.552517,경기,산나물,,20211231
삼거리푸줏간,서울특별시 마포구서교동361-10,11,,126.901774,37.566407,서울,"삼겹살, 고기집, 목살",,20211231
존쿡 델리미트,서울특별시 강남구신사동574-41층,11,,127.047378,37.51734,서울,"샌드위치, 학센, 소시지",,20211231
백담폭포송어횟집,강원도 인제군 북면 용대리 1100-1,42,42810,128.327217,38.192028,강원,송어,,20211231
송이버섯마을,강원도 양양군 양양읍 월리 238-2,42,42830,128.625618,38.070186,강원,송이버섯,,20211231
미켈러바,서울특별시 강남구신사동544-22,11,,127.047378,37.51734,서울,"수제맥주, bar, 맥주",,20211231
버드나무브루어리,강원도 강릉시 홍제동 93-8,42,42150,128.884432,37.748229,강원,수제맥주,,20211231
쓰리매너티,서울특별시 강남구신사동627-20,11,,127.047378,37.51734,서울,"수제맥주, 맥주, 하몽",,20211231
오케이버거,서울특별시  영등포구 여의도동 23-8,11,,126.92413,37.523886,서울,수제버거,,20211231
더백푸드트럭,서울특별시 용산구후암동406-571층,11,,126.990193,37.532615,서울,"수제버거, 파니니, 쿠바노",,20211231
더수파,서울특별시 강남구역삼동813-10운현빌딩1층,11,,127.047378,37.51734,서울,"수제비, 파스타, 함박스테이크",,20211231
전통아바이순대,서울특별시 중구산림동84-1,11,,126.99747,37.563763,서울,"순대, 아바이순대, 순대국",,20211231
박서방 순대국밥,서울특별시 강남구삼성1동156-5,11,,127.047378,37.51734,서울,"순대국밥, 순대",,20211231
하이파이브 교자,서울특별시 용산구이태원동303-201층,11,,126.990193,37.532615,서울,"술집, 교자, 맥주",,20211231
라함키친,서울특별시 마포구서교동396-27,11,,126.901774,37.566407,서울,"술집, 라면, 치킨",,20211231
연남마피아,서울특별시 마포구동교동148-2,11,,126.901774,37.566407,서울,"술집, 맥주, 어묵",,20211231
노는좀비,서울특별시 마포구서교동407-3,11,,126.901774,37.566407,서울,"술집, 소주, 샐러드",,20211231
연남부르스,서울특별시 마포구동교동150-6,11,,126.901774,37.566407,서울,"술집, 와인, 샐러드",,20211231
닻,제주특별자치도 제주시 애월읍 하귀2리 2726,50,,126.392026,33.48609,제주,술집,,20211231
스시만,서울특별시 서초구방배동1-3폴라리스빌딩1층,11,,127.032743,37.483783,서울,"스시, 일본, 고등어",,20211231
다복집,인천광역시광역시중구신포동12-27,28,,126.705297,37.45614,인천,"스지탕, 소주, 함박스테이크",,20211231
로드스테이크,서울특별시 용산구이태원동673,11,,126.990193,37.532615,서울,"스테이크, 길거리음식, 맥주",,20211231
풀그라운드,서울특별시 마포구동교동201-8,11,,126.901774,37.566407,서울,"스테이크, 돈까스, 치킨스테이크",,20211231
울프강 스테이크하우스,서울특별시 강남구청담동89-6영인빌딩,11,,127.047378,37.51734,서울,"스테이크, 샐러드, 와인",,20211231
3239 롯지,서울특별시 용산구이태원동44-31,11,,126.990193,37.532615,서울,스테이크,,20211231
굼스테이크,서울특별시 마포구상수동313-22층,11,,126.901774,37.566407,서울,"스테이크, 파스타, 살치살",,20211231
파스치노팬스테이크,서울특별시 마포구서교동358-8,11,,126.901774,37.566407,서울,"스테이크, 파스타, 팬스테이크",,20211231
밋볼리즘,서울특별시 용산구이태원2동225-143,11,,126.990193,37.532615,서울,"스파게티, 미트볼, 맥주",,20211231
고미스,서울특별시  종로구 체부동 91-4,11,,126.971137,37.578088,서울,스페인요리,,20211231
미분당,서울특별시 서대문구창천동72-23,11,,126.936784,37.579216,서울,"쌀국수, 베트남쌀국수, 양지쌀국수",,20211231
블랙페퍼574,서울특별시 강남구신사동574-7,11,,127.047378,37.51734,서울,"쌀국수, 싱가폴, 칠리크랩",,20211231
키스 더 티라미수,서울특별시 마포구서교동366-12,11,,126.901774,37.566407,서울,"아이스크림, 티라미수, 티라미수아이스크림",,20211231
램브라튼,서울특별시 강남구신사동524-28,11,,127.047378,37.51734,서울,"양고기, 양갈비, 샐러드",,20211231
램랜드,서울특별시 마포구용강동114-24,11,,126.901774,37.566407,서울,"양고기전문, 양고기, 양갈비",,20211231
서대문양꼬치,서울특별시 마포구연남동258-12층,11,,126.901774,37.566407,서울,"양꼬치, 꿔바로우, 양고기",,20211231
부산집,부산광역시 수영구 광안동 204-6,26,,129.114317,35.148778,부산,언양불고기,,20211231
메종드연어,서울특별시  서초구 서초동 1308-4,11,,127.024802,37.501504,서울,연어요리,,20211231
쌜모네키친,서울특별시  송파구 문정동 150-32,11,,127.115585,37.49101,서울,"연어전문, 연어요리, 연어",,20211231
호노야,서울특별시 마포구상수동90-6,11,,126.901774,37.566407,서울,오꼬노미야끼,,20211231
호루몬,서울특별시 강남구청담동53-6,11,,127.047378,37.51734,서울,"오마카세, 일본, 천엽",,20211231
아소다이닝,대구광역시 수성구 범어동 278-5,,,128.634134,35.856392,,옥돔구이 #냉우동,,20211231
911온반,서울특별시 성북구안암동5가104-153지하1층,11,,127.016828,37.589443,서울,"온반, 제육볶음, 된장찌개",,20211231
화규,서울특별시 마포구서교동396-24,11,,126.901774,37.566407,서울,"와규, 토시살, 소고기",,20211231
라세비야,서울특별시 서초구서초동1308-4,11,,127.032743,37.483783,서울,"와인바, 와인, 마카롱",,20211231
림벅와플,서울특별시 종로구누하동77-13,11,,126.979231,37.573175,서울,"와플, 카페, 수제와플",,20211231
라우라우,서울특별시  서초구 서초4동 1685-3,11,,127.013413,37.498085,서울,"월남쌈, 쌀국수, 훈제",,20211231
육회한연어,서울특별시 종로구낙원동121-1,11,,126.979231,37.573175,서울,"육회, 랍스타, 연어",,20211231
육하원취,강원도 양양군 강현면 물치리 17-15,42,,128.607222,38.158227,강원,육회물회,,20211231
로바다야 카덴,"서울특별시 서대문구연희동81-1거화빌딩1,2층",11,,,,서울,"이자카야, 구이, 우동",,20211231
모로미 청담동점,서울특별시 강남구청담동118-12F,11,,127.047378,37.51734,서울,"이자카야, 사시미, 사케",,20211231
쿠치나후,서울특별시  영등포구 여의도동 1,11,,126.916558,37.530385,서울,이탈리안,,20211231
떼부아저씨네,제주특별자치도 제주시 애월읍 애월리 2224,50,,126.31542,33.460559,제주,일본 가정식,,20211231
토끼정,서울특별시 강남구역삼동812-5,11,,127.047378,37.51734,서울,"일본가정식, 숯불구이, 크림카레우동",,20211231
만푸쿠,서울특별시  송파구 송파동 52-1,11,,127.110288,37.510478,서울,"일본가정식, 연어, 연어덮밥",,20211231
스즈란테이,서울특별시 용산구이촌동301-151로얄상가C동지하1층,11,,126.990193,37.532615,서울,"일본가정식, 일본, 도시락",,20211231
라멘베라보,서울특별시  마포구 망원동 385-39,11,,126.909655,37.553758,서울,일본라면,,20211231
코고,서울특별시 중구을지로2가199-41황해빌딩2층,11,,126.979213,37.565381,서울,"일식, 찜요리, 사시미",,20211231
왕자장어,서울특별시 강남구신사동646-16,11,,127.047378,37.51734,서울,"장어, 붕장어, 아나고구이",,20211231
원조전복죽,부산광역시 해운대구광역시 중동 1124-2,26,,129.163511,35.163099,부산,전복죽,,20211231
뜨르들로,서울특별시 서대문구대현동104-36,11,,126.936784,37.579216,서울,"전통빵, 카페, 체코",,20211231
뉴욕즉석떡볶이,서울특별시 강남구신사동551,11,,127.047378,37.51734,서울,"즉석떡볶이, 떡볶이, 라면",,20211231
분 (BOON),서울특별시 용산구한남동739-18,11,,126.990193,37.532615,서울,"즉석떡볶이, 떡볶이, 분식",,20211231
만만디,서울특별시 마포구서교동366-242층,11,,126.901774,37.566407,서울,"짬뽕, 돈까스, 찹쌀탕수육",,20211231
초류향,서울특별시 중구다동164-2,11,,126.99747,37.563763,서울,"짬뽕, 중국집",,20211231
광모네쭈꾸미,서울특별시  강동구 성내동 245-32,11,,127.136045,37.533835,서울,쭈꾸미,,20211231
참사랑해,서울특별시 서대문구연희동193-2,11,,126.936784,37.579216,서울,"참치, 참치회, 갈비",,20211231
일미반점,강원도 인제군 인제읍 상동리 360-1,42,42810,128.172922,38.068732,강원,철판 짜장 짬뽕,,20211231
철판구이300도씨,서울특별시  송파구 잠실본동 189-4,11,,127.082378,37.509949,서울,"철판구이, 고기집, 삼겹살",,20211231
트램타고,서울특별시 강남구삼성동115-4,11,,127.047378,37.51734,서울,"철판요리, 스테이크, 데판야끼",,20211231
끌라시끄,경기도 성남시 분당구 정자동 174-1,41,,127.10516,37.360781,경기,초콜릿,,20211231
메이드바이오즈,서울특별시 마포구서교동358-36,11,,126.901774,37.566407,서울,"치즈, 라클렛, 오징어",,20211231
치킨토일렛,서울특별시 동대문구휘경동192-5,11,,127.039723,37.574431,서울,"치킨집, 치킨, 맥주",,20211231
엔로제,경기도 양평군 서종면 수입리 445,41,,127.38308,37.645124,경기,카페,,20211231
우나스 (Unas),서울특별시 강남구논현동922층,11,,127.047378,37.51734,서울,"카페, 디저트",,20211231
오그랑베르,서울특별시 종로구체부동19,11,,126.979231,37.573175,서울,"카페, 디저트, 타르트",,20211231
카페 ASL,서울특별시 강남구신사동518-15,11,,127.047378,37.51734,서울,"카페, 디저트카페, 케이크",,20211231
에프터스,서울특별시 용산구이태원동57-111층,11,,126.990193,37.532615,서울,"카페, 랍스타, 자몽주스",,20211231
그데이,서울특별시 용산구이태원동5641층,11,,126.990193,37.532615,서울,"카페, 브런치",,20211231
제르보,서울특별시  송파구 신천동 29 에비뉴엘 2층,11,,127.102669,37.512889,서울,카페,,20211231
마노르블랑,제주특별자치도 서귀포시 안덕면 덕수리 2952,50,,126.294517,33.254261,제주,카페,,20211231
쉼표,제주특별자치도 제주시 한림읍 협재리 1732,50,,126.241941,33.395278,제주,카페,,20211231
엠꼼마카롱,서울특별시 강남구도곡동453,11,,127.047378,37.51734,서울,"카페, 커피, 마카롱",,20211231
아이엠 베이글,서울특별시 종로구누상동17,11,,126.979231,37.573175,서울,"카페, 커피, 베이글",,20211231
카페부부,서울특별시 마포구망원동376-15,11,,126.901774,37.566407,서울,"카페, 커피",,20211231
화이트시크릿,서울특별시 강남구신사동663-1,11,,127.047378,37.51734,서울,"카페, 커피, 이색카페",,20211231
사이좋은카페,서울특별시 종로구누상동53-1,11,,126.979231,37.573175,서울,"카페, 크림생맥주",,20211231
르쁘띠베르,서울특별시 강남구신사동643-28,11,,127.047378,37.51734,서울,"카페, 홍차, 애프터눈티",,20211231
앨리스바,서울특별시 강남구청담동84-20지하1층,11,,127.047378,37.51734,서울,"칵테일, bar, 스페인",,20211231
루팡,서울특별시 강남구청담동84-18,11,,127.047378,37.51734,서울,"칵테일, bar, 싱글몰트",,20211231
비어앤볼,서울특별시 서초구서초동1308-26,11,,127.032743,37.483783,서울,"칵테일, 펍, 맥주",,20211231
체부동잔치집,서울특별시 종로구체부동190,11,,126.979231,37.573175,서울,"칼국수, 들깨칼국수, 잔치국수",,20211231
수정분식,서울특별시 종로구예지동6-1(광장시장동부A20호),11,,126.979231,37.573175,서울,칼국수,,20211231
어메이징타이,서울특별시 용산구한남동683-1343층,11,,126.990193,37.532615,서울,"타이, 태국음식",,20211231
탄탄면공방,서울특별시  서초구 잠원동 38-11,11,,127.019782,37.511717,서울,탄탄면,,20211231
토스트프랑세,서울특별시 용산구용산동2가27-3,11,,126.990193,37.532615,서울,"토스트, 카페, 프렌치토스트",,20211231
해적식당,제주특별자치도 제주시 우도면 연평리 1200-1,50,,126.956675,33.514824,제주,톳비빔밥 #바지락칼국수,,20211231
도시락파스타,서울특별시 종로구계동8-2,11,,126.979231,37.573175,서울,"파스타, 도시락, 까르보나라",,20211231
돈파스 팔레,서울특별시  관악구 봉천동 1628-18,11,,126.960581,37.477331,서울,"파스타, 돈까스, 샐러드",,20211231
트라토리아모로,서울특별시 강남구삼성동115-17,11,,127.047378,37.51734,서울,"파스타, 레스토랑, 이탈리안레스토랑",,20211231
갈리나데이지,서울특별시 종로구통인동118-15,11,,126.979231,37.573175,서울,"파스타, 레스토랑, 이탈리안레스토랑",,20211231
하이드아웃서울,서울특별시 용산구이태원동261-92층,11,,126.990193,37.532615,서울,"파스타, 맥주, 치킨",,20211231
소년상회,서울특별시 광진구자양3동783-1,11,,127.082202,37.538213,서울,"파스타, 소주, 버니니",,20211231
마녀주방,서울특별시 강남구역삼1동818-14크리스탈빌딩지하1층,11,,127.047378,37.51734,서울,"파스타, 스테이크, 칵테일",,20211231
더고져스 키친,서울특별시 강남구신사동545-14층,11,,127.047378,37.51734,서울,"파스타, 펍, 피자",,20211231
블루55,서울특별시 용산구이태원동180-16,11,,126.990193,37.532615,서울,"펍, 맥주, 치킨",,20211231
티그레 세비체리아,서울특별시  용산구 한남동 657-77,11,,127.005824,37.534784,서울,페루음식,,20211231
봉피양 본점,서울특별시  송파구 방이동 205-8,11,,127.126174,37.510011,서울,"평양냉면, 냉면, 돼지갈비",,20211231
야마뜨,서울특별시 마포구서교동400-16,11,,126.901774,37.566407,서울,"프랑스, 디저트, 크레페",,20211231
꾸띠자르당 (cote jardin),서울특별시 용산구이태원동131-23,11,,126.990193,37.532615,서울,"프랑스, 레스토랑",,20211231
드모아젤,서울특별시 용산구이태원동451-1,11,,126.990193,37.532615,서울,"프랑스, 빵집, 카페",,20211231
르꼬숑,서울특별시 종로구삼청동11-5,11,,126.979231,37.573175,서울,"프랑스가정식, 레스토랑, 샐러드",,20211231
르셰프 블루,서울특별시 서초구방배동837-10,11,,127.032743,37.483783,서울,"프렌치, 레스토랑",,20211231
슈에뜨,서울특별시  종로구 옥인동 157-3,11,,126.967088,37.581071,서울,프렌치,,20211231
꼼모아,서울특별시 용산구용산동2가26-10,11,,126.990193,37.532615,서울,"프렌치, 와인, 수플레",,20211231
아따블르,제주특별자치도 제주시 조천읍 북촌리 583-1,50,,126.694485,33.54998,제주,프렌치,,20211231
르쁘엥,서울특별시 서초구반포동107-80,11,,127.032743,37.483783,서울,"프렌치, 한우, 와인",,20211231
얼랑,서울특별시 마포구서교동330-55,11,,126.901774,37.566407,서울,"한식, 비빔밥, 모던한식",,20211231
오늘잡은 안동갈비,서울특별시 강남구신사동553-10,11,,127.047378,37.51734,서울,"한우, 갈비, 소고기",,20211231
고기고,서울특별시 강남구신사동630-30,11,,127.047378,37.51734,서울,"한우, 등심, 소고기",,20211231
한육감 디타워점,서울특별시 종로구청진동249D-Tower5층,11,,126.979231,37.573175,서울,"한우, 등심, 소고기",,20211231
식후경,서울특별시 마포구동교동197-42WAWA109사옥,11,,126.901774,37.566407,서울,"한정식, 밥집, 한식",,20211231
뜨겁개핫도그,서울특별시 강남구신사동555,11,,127.047378,37.51734,서울,"핫도그, 감자튀김, 치즈",,20211231
솔빈덕,서울특별시  강남구 신사동 657-32,11,,127.038288,37.525754,서울,핫도그,,20211231
하하호호,제주특별자치도 제주시 우도면 연평리 859,50,,126.948594,33.520887,제주,핫도그,,20211231
핫도그 온어스틱,서울특별시 용산구이태원동118-71,11,,126.990193,37.532615,서울,"핫도그, 치즈, 레몬에이드",,20211231
피어22,제주특별자치도 제주시 한림읍 금능리 1494-3,50,,126.227787,33.389929,제주,해물찜,,20211231
진주식당,제주특별자치도 제주시 연동 1543,50,,126.492032,33.477493,제주,해물탕,,20211231
바랗,서울특별시 강남구신사동630-23,11,,127.047378,37.51734,서울,"해산물, 생선구이, 샐러드",,20211231
목동해물,서울특별시  양천구 목동 406-75,11,,126.872845,37.52557,서울,해산물,,20211231
키친485,서울특별시 마포구서교동399-24,11,,126.901774,37.566407,서울,"화덕피자, 파스타, 피자",,20211231
보물섬,서울특별시 강남구논현동181-5,11,,127.047378,37.51734,서울,"횟집, 해산물, 고등어회",,20211231
하이디라오,서울특별시 중구명동1가59-5,11,,126.99747,37.563763,서울,"훠궈, 샤브샤브, 중국식샤브샤브",,20211231
해오름 식당,제주특별자치도 제주시 노형동 1297-3,50,,126.481621,33.489032,제주,흑돼지 구이,,20211231
흑소랑,제주특별자치도 제주시 아라2동 3007-2,50,,126.545028,33.490974,제주,흑소구이,,20211231
언양불고기거리,울산광역시 울주군 언양읍 서부리,27,27110,129.1140094,35.5668184,울산,오영수 문학관,유,20211231
피맛골,서울특별시 종로구 청진동 257-3,11,11110,126.9793398,37.5713485,서울,청계광장,,20211231
대림동차이나타운,서울특별시 영등포구 대림동 1050-43,11,11560,126.8974662,37.4923556,서울,대림중앙시장,유,20211231
사당1동 먹자골목,서울특별시 동작구 사당동 1105,11,11590,126.9779388,37.4785246,서울,매봉재산,,20211231
수원육거리,경기도 수원시 팔달구 매산로1가,41,41113,127.0007458,37.2673712,경기,수원화성,유,20211231
응암동감자탕골목,서울특별시 은평구 응암동,11,11380,126.9205206,37.5926646,서울,불광벚꽃축제,유,20211231
안지랑 곱창 골목,대구광역시 남구 대명동 829-2,27,27200,128.5751758,35.8368746,대구,두류산,유,20211231
대구평화시장닭똥집골목,대구광역시 동구 신암동 1339-39,41,41285,128.618996,35.8825033,대구,칠성시장,유,20211231
